Name in BIFloraExplorer,Synonymous name in phylogeny,Genus,Family,Attachment node (species),Attachment node (genus),Attached,Attachment rationale,Citation for phylogeny
Acaena_caesiiglauca,Acaena_caesiglauca,Acaena,Rosaceae,NA,NA,Y,attached as synonym ,
Achillea_maritima,Otanthus_maritimus,Achillea,Asteraceae,NA,NA,Y,attached as synonym ,
Aegonychon_purpureocaeruleum,Buglossoides_purpurocaerulea,Aegonychon,Boraginaceae,NA,NA,Y,attached as synonym ,
Aesculus_carnea,NA,Aesculus,Sapindaceae,Aesculus_hippocastanum,Aesculus,Y,"attached to closest relative, hybrid offspring, one parent is A. hippocastanum",
Agrimonia_procera,NA,Agrimonia,Rosaceae,Agrimonia_eupatoria,Agrimonia,Y,attached to closest relative,
Agrostis_lachnantha,NA,Agrostis,Poaceae,NA,Argrostis,N,,
Ajuga_pyramidalis,NA,Ajuga,Lamiaceae,Ajuga_reptans,Ajuga,Y,"attached to closest relative, Ajuga reptans (according to ITS_correct)",
Alchemilla_conjuncta,NA,Alchemilla,Rosaceae,Alchemilla_alpina,NA,Y,"attached to only other Alchemilla in phylo, agreement with ITS_correct",
Alkekengi_officinarum,Physalis_alkekengi,Alkekengi,Solanaceae,NA,NA,Y,attached as synonym ,
Allium_ampeloprasum,NA,Allium,Amaryllidaceae,Allium_sphaerocephalon,Allium,Y,"attached according to Friesen, Fritsch & Blattner, 2006","Friesen, N., Fritsch, R.M. and Blattner, F.R., 2006. Phylogeny and new intrageneric classification of Allium (Alliaceae) based on nuclear ribosomal DNA ITS sequences. Aliso: A Journal of Systematic and Floristic Botany, 22(1), pp.372-395."
Allium_carinatum,NA,Allium,Amaryllidaceae,NA,Allium,N,,
Allium_cepa,Allium_ascalonicum,Allium,Amaryllidaceae,NA,NA,Y,attached as synonym ,
Allium_nigrum,NA,Allium,Amaryllidaceae,Allium_prattii,Allium,Y,"attached according to Friesen, Fritsch & Blattner, 2006","Friesen, N., Fritsch, R.M. and Blattner, F.R., 2006. Phylogeny and new intrageneric classification of Allium (Alliaceae) based on nuclear ribosomal DNA ITS sequences. Aliso: A Journal of Systematic and Floristic Botany, 22(1), pp.372-395."
Allium_paniculatum,NA,Allium,Amaryllidaceae,NA,Allium,N,,
Allium_porrum,Allium_ampeloprasum,Allium,Amaryllidaceae,NA,Allium,Y,attached as synonym ,
Allium_sativum,NA,Allium,Amaryllidaceae,NA,Allium,N,,
Allium_schoenoprasum,NA,Allium,Amaryllidaceae,Allium_oleraceum,Allium,Y,attached to sister species according to ITS_corrected,
Allium_scorodoprasum,NA,Allium,Amaryllidaceae,NA,Allium,N,,
Allium_trifoliatum,NA,Allium,Amaryllidaceae,NA,Allium,N,,
Allium_ursinum,NA,Allium,Amaryllidaceae,NA,Allium,N,,
Alnus_viridis,NA,Alnus,Betulaceae,Alnus_firma,Alnus,Y,"attached according to Navarro et al., 2003","Navarro, E., Bousquet, J., Moiroud, A., Munive, A., Piou, D. and Normand, P., 2003. Molecular phylogeny of Alnus (Betulaceae), inferred from nuclear ribosomal DNA ITS sequences. In Frankia Symbiosis (pp. 207-217). Springer, Dordrecht."
Amaranthus_bouchonii,NA,Amaranthus,Amaranthaceae,Amaranthus_hybridus,Amaranthus,Y,"attached to closest relative, synof A. hybridus ssp. bouchonii",
Amaranthus_thunbergii,NA,Amaranthus,Amaranthaceae,Amaranthus_albus,Amaranthus,Y,"attached to closest relative, syn of Amaranthus albus",
Amsinckia_micrantha,Amsinckia_menziesii,Amsinckia,Boraginaceae,NA,NA,Y,attached as synonym ,
Anacamptis_laxiflora,NA,Anacamptis,Orchidaceae,NA,Orchis,Y,"attached to base of Orchis, sister to Orchis species in megatree acc to Cozzolino et al., 1998 (syn of Orchis laxiflora)","Cozzolino, S., Aceto, S., Caputo, P., Gaudio, L. and Nazzaro, R., 1998. Phylogenetic relationships in Orchis and some related genera: an approach using chloroplast DNA. Nordic Journal of Botany, 18(1), pp.79-87."
Anacamptis_morio,NA,Anacamptis,Orchidaceae,Anacamptis_laxiflora,NA,Y,"attached to Anacamptis_laxiflora, following Cozzolino et al., 1998  (syn of Orchis morio)","Cozzolino, S., Aceto, S., Caputo, P., Gaudio, L. and Nazzaro, R., 1998. Phylogenetic relationships in Orchis and some related genera: an approach using chloroplast DNA. Nordic Journal of Botany, 18(1), pp.79-87."
Anemanthele_lessoniana,NA,Anemanthele,Poaceae,NA,Stipa,N,,
Anethum_graveolens,NA,Anethum,Apiaceae,NA,Peucedanum,N,,
Angelica_pachycarpa,NA,Angelica,Apiaceae,NA,Angelica,N,,
Anisantha_diandra,Bromus_diandrus,Anisantha,Poaceae,NA,NA,Y,attached as synonym ,
Anisantha_madritensis,Bromus_madritensis,Anisantha,Poaceae,NA,NA,Y,attached as synonym ,
Anisantha_rigida,NA,Anisantha,Poaceae,Bromus_diandrus,Bromus,Y,"attached to closest relative, less common syn of Bromus diandrus",
Anisantha_sterilis,Bromus_sterilis,Anisantha,Poaceae,NA,NA,Y,attached as synonym ,
Anisantha_tectorum,Bromus_tectorum,Anisantha,Poaceae,NA,NA,Y,attached as synonym ,
Anoda_cristata,NA,Anoda,Malvaceae,Sida_spinosa,Sida,Y,"attached to closest relative, syn of Sida cristata",
Anthemis_punctata,NA,Anthemis,Asteraceae,NA,Anthemis,N,,
Anthriscus_caucalis,NA,Anthriscus,Apiaceae,NA,Anthriscus,N,,
Aponogeton_distachyos,NA,Aponogeton,Aponogetonaceae,Aponogeton_madagascariensis,Aponogeton,Y,"attached according to Les, Moody & Jacobs, 2005","Les, D.H., Moody, M.L. and Jacobs, S.W., 2005. Phylogeny and systematics of Aponogeton (Aponogetonaceae): the Australian species. Systematic Botany, 30(3), pp.503-519."
Aptenia_cordifolia,NA,Aptenia,Aizoaceae,Mollugo_verticillata,Mollugo,Y,"attached via syn (Mesembryanthemum cordifolium) to Mollugo verticillata according to Zappi et al., 2020","Zappi, D.C., Vasconcelos, S., Watanabe, M.T., Oliveira, G., Oliveira, R.R., Pires, E.S., Harley, R.M. and Giulietti, A.M., 2020. The phylogenetic placement of a new species of Belemia in Nyctaginaceae, and the first plastome description for the genus. Systematics and biodiversity, 18(4), pp.328-337."
Arabidopsis_petraea,NA,Arabidopsis,Brassicaceae,Arabidopsis_lyrata,Arabidopsis,Y,synonymous with Arabidopsis lyrata subsp. petraea,
Arabis_caucasica,NA,Arabis,Brassicaceae,Arabis_alpina,NA,Y,synonymous with A. alpina subsp. causica,
Arachis_hypogaea,NA,Arachis,Fabaceae,NA,Arachis,Y,"attached to base genus, only species in this genus",
Arctium_nemorosum,NA,Arctium,Asteraceae,Arctium_lappa,Arctium,Y,"attached to closest relative, syn of Arctium lappa subsp. nemorosum",
Arctostaphylos_alpinus,Arctous_alpina,Arctostaphylos,Ericaceae,NA,NA,Y,attached as synonym ,
Aremonia_agrimonioides,NA,Aremonia,Rosaceae,NA,Agrimonia,Y,attached to base genus of Agrimonia,
Arenaria_leptoclados,NA,Arenaria,Caryophyllaceae,Arenaria_serpyllifolia,NA,Y,synonymous with A. serpyllifolia ssp. leptoclados,
Arisarum_proboscideum,NA,Arisarum,Araceae,Arisarum_vulgare,NA,Y,attached to only relative,
Aristaloe_aristata,Aloe_aristata,Aristaloe,Asphodelaceae,NA,NA,Y,attached as synonym ,
Aristavena_setacea,Deschampsia_setacea,Aristavena,Poaceae,NA,NA,Y,attached as synonym ,
Aristea_ecklonii,NA,Aristea,Iridaceae,NA,Aristea,Y,"attached to base genus, only species of this genus in list",
Artemisia_verlotiorum,NA,Artemisia,Asteraceae,Artemisia_argyi,Artemisia,Y,"attached according to Koloren, Koloren & Eker, 2016","Koloren, O., Koloren, Z. and Eker, S., 2016. Molecular phylogeny of Artemisia species based on the internal transcribed spacer (ITS) of 18S-26S rDNA in Ordu Province of Turkey. Biotechnology & Biotechnological Equipment, 30(5), pp.929-934."
Asparagus_prostratus,NA,Asparagus,Asparagaceae,Asparagus_officinalis,NA,Y,attached to closest relative (synonym with subsp.),
Asplenium_adiantum-nigrum,NA,Asplenium,Aspleniaceae,Asplenium_onopteris,Asplenium,Y,"attached according to Sessa et al., 2018","Sessa, E.B., Vicent, M., Chambers, S.M. and y Galán, J.M.G., 2018. Evolution and Reciprocal Origins in Mediterranean Ferns: The Asplenium obovatum and A. adiantumnigrum Complexes1. Annals of the Missouri Botanical Garden, 103(2), pp.175-187."
Asplenium_ceterach,Ceterach_officinarum,Asplenium,Aspleniaceae,NA,NA,Y,attached as synonym ,
Asplenium_marinum,NA,Asplenium,Aspleniaceae,NA,Trichomanes,Y,"syn of Trichomanes maritimum, attached to Trichomanes, only one other accession there",
Asplenium_obovatum,NA,Asplenium,Aspleniaceae,Asplenium_foresiense,Asplenium,Y,"attached according to Sessa et al., 2018","Sessa, E.B., Vicent, M., Chambers, S.M. and y Galán, J.M.G., 2018. Evolution and Reciprocal Origins in Mediterranean Ferns: The Asplenium obovatum and A. adiantumnigrum Complexes1. Annals of the Missouri Botanical Garden, 103(2), pp.175-187."
Asplenium_ruta-muraria,NA,Asplenium,Aspleniaceae,NA,Asplenium,N,,
Astilbe_chinensis,Astilbe_rivularis,Astilbe,Saxifragaceae,NA,NA,Y,attached as synonym ,
Astragalus_danicus,NA,Astragalus,Fabaceae,NA,Astragalus,N,,
Astragalus_odoratus,NA,Astragalus,Fabaceae,Astragalus_glycyphyllos,Astragalus,Y,"attached according to Osaloo, Maassoumi & Murakami, 2003","Osaloo, S.K., Maassoumi, A.A. and Murakami, N., 2003. Molecular systematics of the genus Astragalus L.(Fabaceae): phylogenetic analyses of nuclear ribosomal DNA internal transcribed spacers and chloroplast gene ndhF sequences. Plant Systematics and Evolution, 242(1), pp.1-32."
Athyrium_distentifolium,Athyrium_alpestre,Athyrium,Aspleniaceae,NA,NA,Y,attached as synonym ,
Atriplex_longipes,NA,Atriplex,Amaranthaceae,Atriplex_prostrata,Atriplex,Y,"attached according to Kochánková & Mandák, 2008","Kochánková, J. and Mandák, B., 2008. Biological flora of Central Europe: Atriplex tatarica L. Perspectives in Plant Ecology, Evolution and Systematics, 10(4), pp.217-229."
Atriplex_praecox,NA,Atriplex,Amaranthaceae,NA,Atriplex,N,,
Avenella_flexuosa,Deschampsia_flexuosa,Avenella,Poaceae,NA,NA,Y,attached as synonym ,
Avenula_pubescens,Helictotrichon_pubescens,Avenula,Poaceae,NA,NA,Y,attached as synonym ,
Barbarea_intermedia,NA,Barbarea,Brassicaceae,Barbarea_vulgaris,Barbarea,Y,"attached according to Filiz et al., 2014","Filiz, E., Osma, E., Kandemir, A., Tombuloglu, H., Tombuloglu, G., Birbilener, S. and Aydin, M., 2014. Assessment of genetic diversity and phylogenetic relationships of endangered endemic plant Barbarea integrifolia DC.(Brassicaceae) in Turkey. Turkish Journal of Botany, 38(6), pp.1169-1181."
Barbarea_stricta,NA,Barbarea,Brassicaceae,Barbarea_verna,Barbarea,Y,"attached according to Filiz et al., 2014","Filiz, E., Osma, E., Kandemir, A., Tombuloglu, H., Tombuloglu, G., Birbilener, S. and Aydin, M., 2014. Assessment of genetic diversity and phylogenetic relationships of endangered endemic plant Barbarea integrifolia DC.(Brassicaceae) in Turkey. Turkish Journal of Botany, 38(6), pp.1169-1181."
Berberis_aggregata,NA,Berberis,Berberidaceae,NA,Berberis,N,,
Berberis_buxifolia,Berberis_microphylla,Berberis,Berberidaceae,NA,NA,Y,attached as synonym ,
Bergenia_cordifolia,NA,Bergenia,Saxifragaceae,Bergenia_crassifolia,Bergenia,Y,attached to closest relative,
Betonica_officinalis,Stachys_officinalis,Betonica,Lamiaceae,NA,NA,Y,attached as synonym ,
Bidens_connata,NA,Bidens,Asteraceae,Bidens_tripartita,Bidens,Y,"attached to synonym according to Ganders, Berbee & Pirseyedi, 2000","Ganders, F.R., Berbee, M. and Pirseyedi, M., 2000. ITS base sequence phylogeny in Bidens (Asteraceae): evidence for the continental relatives of Hawaiian and Marquesan Bidens. Systematic Botany, 25(1), pp.122-133."
Bidens_ferulifolia,NA,Bidens,Asteraceae,Bidens_andicola,Bidens,Y,"attached according to Ganders, Berbee & Pirseyedi, 2000","Ganders, F.R., Berbee, M. and Pirseyedi, M., 2000. ITS base sequence phylogeny in Bidens (Asteraceae): evidence for the continental relatives of Hawaiian and Marquesan Bidens. Systematic Botany, 25(1), pp.122-133."
Bistorta_affinis,Polygonum_affinis,Bistorta,Polygonaceae,NA,NA,Y,attached as synonym ,
Bistorta_amplexicaulis,Persicaria_amplexicaulis,Bistorta,Polygonaceae,NA,NA,Y,attached as synonym ,
Bistorta_officinalis,Persicaria_bistorta,Bistorta,Polygonaceae,NA,NA,Y,attached as synonym ,
Bistorta_vivipara,Persicaria_vivipara,Bistorta,Polygonaceae,NA,NA,Y,attached as synonym ,
Blechnum_cordatum,NA,Blechnum,Aspleniaceae,Blechnum_spicant,Blechnum,Y,"attached to close relative acc to Galan et al., 2013","Galan, J., Prada, C., Rolleri, C., Ainouche, A. and Vicent, M., 2013. cpDNA supports the identification of the major lineages of American Blechnum (Blechnaceae, Polypodiopsida) established by morphology. Turkish Journal of Botany, 37(4), pp.769-777."
Blechnum_penna-marina,NA,Blechnum,Aspleniaceae,Blechnum_cordatum,Blechnum,Y,"attached as sister to cordatum, with spicant at base, as per Galan et al., 2013",
Blitum_bonus-henricus,NA,Blitum,Amaranthaceae,Blitum_nuttallianum,Blitum,Y,attached as sister species to Blitum nuttallianum as only two species in this genus,
Blitum_capitatum,NA,Blitum,Amaranthaceae,Blitum_nuttallianum,Blitum,Y,attached as sister species to Blitum nuttallianum as only two species in this genus,
Bolboschoenus_laticarpus,NA,Bolboschoenus,Cyperaceae,Bolboschoenus_maritimus,Bolboschoenus,Y,"attached to closest relative, only other species of this genus in the list",
Brachiaria_platyphylla,NA,Brachiaria,Poaceae,NA,Brachiaria,N,,
Brachypodium_rupestre,NA,Brachypodium,Poaceae,NA,Brachypodium,Y,"attached to base genus, according to location in ITS_corrected",
Bromopsis_benekenii,Bromus_benekenii,Bromopsis,Poaceae,NA,NA,Y,attached as synonym ,
Bromopsis_erecta,Bromus_erectus,Bromopsis,Poaceae,NA,NA,Y,attached as synonym ,
Bromopsis_inermis,Bromus_inermis,Bromopsis,Poaceae,NA,NA,Y,attached as synonym ,
Bromopsis_ramosa,Bromus_ramosus,Bromopsis,Poaceae,NA,NA,Y,attached as synonym ,
Bromus_lanceolatus,NA,Bromus,Poaceae,Bromus_japonicus,Bromus,Y,"attached according to Nasiri, Kazempour & Hamsehee, 2020","Nasiri, A., Kazempour, O.S. and Hamzehee, B., 2020. Molecular phylogeny of Bromus pectinatus complex (Poaceae) based on the nrDNA ITS and ETS and plastid matK sequences."
Bromus_lepidus,NA,Bromus,Poaceae,Bromus_hordeaceus,Bromus,Y,"attached to closest relative, syn of Bromus hordeaceus subsp. lepidus",
Bromus_pseudosecalinus,NA,Bromus,Poaceae,Bromus_secalinus,Bromus,Y,"attached to closest relative, syn of Bromus secalinus",
Bryonia_dioica,NA,Bryonia,Cucurbitaceae,Bryonia_cretica,Bryonia,Y,attached as syn of subsp. B. cretica subsp. dioica,
Buphthalmum_speciosum,Telekia_speciosa,Buphthalmum,Asteraceae,NA,NA,Y,attached as synonym ,
Bupleurum_subovatum,Bupleurum_lancifolium,Bupleurum,Apiaceae,NA,NA,Y,attached as synonym ,
Calamagrostis_purpurea,NA,Calamagrostis,Poaceae,Calamagrostis_epigeios,Calamagrostis,Y,"apomict, parents are C. epigejos and C. canescens, attached according to ITS_corrected",
Calamagrostis_scotica,NA,Calamagrostis,Poaceae,Calamagrostis_stricta,Calamagrostis,Y,attached to closest relative according to ITS_corrected,
Callitriche_brutia,NA,Callitriche,Plantaginaceae,Callitriche_platycarpa,NA,Y,"attached as sister spec, acc to ITS_corrected",
Callitriche_hermaphroditica,NA,Callitriche,Plantaginaceae,NA,Hippuris,Y,"attached to closely related genus Hippuris, acc to Philbrick & Les, 2000","Philbrick, C.T. and Les, D.H., 2000. Phylogenetic studies in Callitriche: implications for interpretation of ecological, karyological and pollination system evolution. Aquatic Botany, 68(2), pp.123-141."
Callitriche_obtusangula,NA,Callitriche,Plantaginaceae,Callitriche_stagnalis,NA,Y,"attached to sister spec, acc to ITS_corrected",
Callitriche_palustris,NA,Callitriche,Plantaginaceae,NA,NA,N,,
Callitriche_platycarpa,NA,Callitriche,Plantaginaceae,Callitriche_stagnalis,NA,Y,"attached as new branch, acc to Philbrick & Les, 2000","Philbrick, C.T. and Les, D.H., 2000. Phylogenetic studies in Callitriche: implications for interpretation of ecological, karyological and pollination system evolution. Aquatic Botany, 68(2), pp.123-141."
Callitriche_stagnalis,NA,Callitriche,Plantaginaceae,Callitriche_hermaphroditica,NA,Y,"attached as new branch, acc to Philbrick & Les, 2000","Philbrick, C.T. and Les, D.H., 2000. Phylogenetic studies in Callitriche: implications for interpretation of ecological, karyological and pollination system evolution. Aquatic Botany, 68(2), pp.123-141."
Callitriche_truncata,NA,Callitriche,Plantaginaceae,Callitriche_hermaphroditica,NA,Y,"attached to sister spec acc to Philbrick & Les, 2000","Philbrick, C.T. and Les, D.H., 2000. Phylogenetic studies in Callitriche: implications for interpretation of ecological, karyological and pollination system evolution. Aquatic Botany, 68(2), pp.123-141."
Calystegia_pulchra,NA,Calystegia,Convolvulaceae,Calystegia_sepium,NA,Y,syn of subsp. C. sepium subsp. pulchra,
Cardamine_bulbifera,NA,Cardamine,Brassicaceae,Cardamine_glanduligera,Cardamine,Y,"attached according to Carlsen et al., 2009","Carlsen, T., Bleeker, W., Hurka, H., Elven, R. and Brochmann, C., 2009. Biogeography and phylogeny of cardamine (Brassicaceae) 1. Annals of the Missouri Botanical Garden, 96(2), pp.215-236."
Cardamine_corymbosa,NA,Cardamine,Brassicaceae,Cardamine_paucijuga,Cardamine,Y,"attached according to Carlsen et al., 2009","Carlsen, T., Bleeker, W., Hurka, H., Elven, R. and Brochmann, C., 2009. Biogeography and phylogeny of cardamine (Brassicaceae) 1. Annals of the Missouri Botanical Garden, 96(2), pp.215-236."
Cardamine_heptaphylla,NA,Cardamine,Brassicaceae,Cardamine_pentaphyllos,Cardamine,Y,"attached according to Carlsen et al., 2009","Carlsen, T., Bleeker, W., Hurka, H., Elven, R. and Brochmann, C., 2009. Biogeography and phylogeny of cardamine (Brassicaceae) 1. Annals of the Missouri Botanical Garden, 96(2), pp.215-236."
Cardamine_quinquefolia,NA,Cardamine,Brassicaceae,Cardamine_leucantha,Cardamine,Y,"attached according to Carlsen et al., 2009","Carlsen, T., Bleeker, W., Hurka, H., Elven, R. and Brochmann, C., 2009. Biogeography and phylogeny of cardamine (Brassicaceae) 1. Annals of the Missouri Botanical Garden, 96(2), pp.215-236."
Carpobrotus_glaucescens,NA,Carpobrotus,Aizoaceae,NA,NA,N,,
Catalpa_bignonioides,NA,Catalpa,Bignoniaceae,NA,Catalpa,Y,"attached to base genus, only species in this genus",
Centaurea_cyanus,Cyanus_segetum,Centaurea,Asteraceae,NA,NA,Y,attached as synonym ,
Centaurea_montana,NA,Centaurea,Asteraceae,NA,Centaurea,N,,
Centaurium_littorale,NA,Centaurium,Gentianaceae,Centaurium_scilloides,Centaurium,Y,"attached according to Mansion et al., 2005","Mansion, G., Zeltner, L. and Bretagnolle, F., 2005. Phylogenetic patterns and polyploid evolution within the Mediterranean genus Centaurium (Gentianaceae?Chironieae). Taxon, 54(4), pp.931-950."
Centaurium_portense,Centaurium_scilloides,Centaurium,Gentianaceae,NA,NA,Y,attached as synonym ,
Centranthus_calcitrapae,Centranthus_calcitrapa,Centranthus,Caprifoliaceae,NA,NA,Y,attached as synonym ,
Cephalaria_gigantea,NA,Cephalaria,Caprifoliaceae,NA,Cephalaria,Y,"attached to base genus, only species in this genus",
Cerastium_cerastoides,NA,Cerastium,Caryophyllaceae,Cerastium_brachypetalum,Cerastium,Y,"attached according to Scheen et al., 2004","Scheen, A.C., Brochmann, C., Brysting, A.K., Elven, R., Morris, A., Soltis, D.E., Soltis, P.S. and Albert, V.A., 2004. Northern hemisphere biogeography of Cerastium (Caryophyllaceae): insights from phylogenetic analysis of noncoding plastidnucleotide sequences. American journal of botany, 91(6), pp.943-952."
Ceratochloa_carinata,Bromus_carinatus,Ceratochloa,Poaceae,NA,NA,Y,attached as synonym ,
Ceratochloa_cathartica,Bromus_catharticus,Ceratochloa,Poaceae,NA,NA,Y,attached as synonym ,
Ceratochloa_marginata,NA,Ceratochloa,Poaceae,Bromus_carinatus,Bromus,Y,"attached to syn, syn of Bromus carinatus",
Chaenorhinum_origanifolium,NA,Chaenorhinum,Plantaginaceae,Chaenorhinum_minus,Chaenorhinum,Y,attached to closest relative,
Chamaenerion_angustifolium,Epilobium_angustifolium,Chamaenerion,Onagraceae,NA,NA,Y,attached as synonym ,
Chasmanthe_bicolor,NA,Chasmanthe,Iridaceae,Chasmanthe_aethiopica,Chasmanthe,Y,attached to closest relative (itself not in BI list),
Chenopodiastrum_hybridum,NA,Chenopodiastrum,Amaranthaceae,Chenopodium_murale,Chenopodium,Y,"genus not in tree, attached to closest relative (Chenopodiastrum murale, which is synonymous with Chenopodium murale)",
Chenopodiastrum_murale,Chenopodium_murale,Chenopodiastrum,Amaranthaceae,NA,NA,Y,attached as synonym ,
Chenopodium_bushianum,NA,Chenopodium,Amaranthaceae,Chenopodium_berlandieri,Chenopodium,Y,"attached to closest relative, syn of Chenopodium berlandieri var. bushianum ",
Chenopodium_pratericola,Chenopodium_desiccatum,Chenopodium,Amaranthaceae,NA,NA,Y,attached as synonym ,
Chenopodium_probstii,NA,Chenopodium,Amaranthaceae,Chenopodium_album,Chenopodium,N,,
Chenopodium_strictum,NA,Chenopodium,Amaranthaceae,Chenopodium_album,Chenopodium,N,,
Chenopodium_suecicum,NA,Chenopodium,Amaranthaceae,Chenopodium_ficifolium,Chenopodium,Y,"attached according to Mandak et al., 2016","Mandak, B., Krak, K., Vit, P., Pavlikova, Z., Lomonosova, M.N., Habibi, F., Wang, L., Jellen, E.N. and Douda, J., 2016. How genome size variation is linked with evolution within Chenopodium sensu lato. Perspectives in Plant Ecology, Evolution and Systematics, 23, pp.18-32."
Cherleria_sedoides,Moehringia_sedoides,Cherleria,Caryophyllaceae,NA,NA,Y,attached as synonym ,
Chrysocoma_coma-aurea,NA,Chrysocoma,Asteraceae,Chrysocoma_ciliata,NA,Y,attached to closest relative (itself not in BI list),
Cicerbita_alpina,Lactuca_alpina,Cicerbita,Asteraceae,NA,NA,Y,attached as synonym ,
Cicerbita_bourgaei,Lactuca_bourgaei,Cicerbita,Asteraceae,NA,NA,Y,attached as synonym ,
Cicerbita_macrophylla,Lactuca_macrophylla,Cicerbita,Asteraceae,NA,NA,Y,attached as synonym ,
Cicerbita_plumieri,Lactuca_plumieri,Cicerbita,Asteraceae,NA,NA,Y,attached as synonym ,
Cirsium_acaule,NA,Cirsium,Asteraceae,NA,Cirsium,N,,
Cirsium_dissectum,NA,Cirsium,Asteraceae,NA,Cirsium,N,,
Cirsium_eriophorum,NA,Cirsium,Asteraceae,Cirsium_ciliolatum,Cirsium,Y,"attached according to Häffner & Hellwig, 1999","Häffner, E. and Hellwig, F.H., 1999. Phylogeny of the tribe Cardueae (Compositae) with emphasis on the subtribe Carduinae: an analysis based on ITS sequence data. Willdenowia, 29(1/2), pp.27-39."
Cirsium_heterophyllum,NA,Cirsium,Asteraceae,NA,Cirsium,N,,
Cirsium_tuberosum,NA,Cirsium,Asteraceae,NA,Cirsium,N,,
Clarkia_amoena,NA,Clarkia,Onagraceae,Clarkia_unguiculata,Clarkia,Y,"attached to closest relative, only other species of this genus in the list",
Clinopodium_ascendens,NA,Clinopodium,Lamiaceae,Clinopodium_menthifolium,Clinopodium,Y,"attached to closest relative, syn of Clinopodium menthifolium subsp. ascendens",
Cochlearia_megalosperma,NA,Cochlearia,Brassicaceae,Cochlearia_glastifolia,Cochlearia,Y,syn of Cochlearia glastifolia var. megalosperma,
Coeloglossum_viride,Dactylorhiza_viridis,Coeloglossum,Orchidaceae,NA,NA,Y,attached as synonym ,
Coincya_wrightii,NA,Coincya,Brassicaceae,Coincya_monensis,Coincya,Y,attached to closest realtive,
Coprosma_repens,Coprosma_baueri,Coprosma,Rubiaceae,NA,NA,Y,attached as synonym ,
Corispermum_intermedium,NA,Corispermum,Amaranthaceae,NA,Corispermum,Y,"attached to base genus, only species of this genus",
Correa_backhouseana,NA,Correa,Rutaceae,NA,Correa,Y,"attached to base genus, only species of this genus",
Cota_austriaca,NA,Cota,Asteraceae,Cota_tinctoria,Anthemis,Y,"attached to Cota tinctoria, closely related acc to Oberprieler, 2001 (in there as Anthemis nigrescens)",
Cota_tinctoria,NA,Cota,Asteraceae,Anthemis_melampodina,Anthemis,Y,"attached according to Oberprieler, 2001","Oberprieler, C., 2001. Phylogenetic relationships in Anthemis L.(Compositae, Anthemideae) based on nrDNA ITS sequence variation. Taxon, 50(3), pp.745-762."
Cotula_alpina,NA,Cotula,Asteraceae,NA,Cotula,N,,
Cotula_dioica,NA,Cotula,Asteraceae,NA,Leptinella,Y,"attached to base genus Leptinella, syn of Leptinella dioica",
Cotula_squalida,NA,Cotula,Asteraceae,NA,Leptinella,Y,"attached to base genus Leptinella, syn of Leptinella squalida",
Crambe_cordifolia,NA,Crambe,Brassicaceae,Crambe_orientalis,Crambe,Y,"attached as new branch acc to Lakhenko et al., 2016","Lakhneko, O., Pushkarova, N., Stepanenko, A., Kuchuk, M. and Morgun, B., 2016. Phylogenetic study of Crambe species with ISSR markers.“. VESTNIK” of the South-Kazakhstan state pharmaceutical academy Republican Scientific Journal, 4(77), pp.7-10."
Crambe_hispanica,NA,Crambe,Brassicaceae,NA,Crambe,N,,
Crambe_maritima,NA,Crambe,Brassicaceae,Crambe_orientalis,Crambe,Y,"attached to sister species acc to Lakhenko et al., 2016","Lakhneko, O., Pushkarova, N., Stepanenko, A., Kuchuk, M. and Morgun, B., 2016. Phylogenetic study of Crambe species with ISSR markers.“. VESTNIK” of the South-Kazakhstan state pharmaceutical academy Republican Scientific Journal, 4(77), pp.7-10."
Crassula_pubescens,NA,Crassula,Crassulaceae,NA,Crassula,N,,
Crataegus_coccinioides,NA,Crataegus,Rosaceae,NA,Crataegus,N,,
Crataegus_heterophylla,NA,Crataegus,Rosaceae,Crataegus_monogyna,Crataegus,Y,attached to syn Crataegus monogyna,
Crataegus_orientalis,NA,Crataegus,Rosaceae,Crataegus_laevigata,Crataegus,Y,"attached to close relative C. laevigata, acc to Zarrei et al., 2015","Zarrei, M., Talent, N., Kuzmina, M., Lee, J., Lund, J., Shipley, P.R., Stefanovi?, S. and Dickinson, T.A., 2015. DNA barcodes from four loci provide poor resolution of taxonomic groups in the genus Crataegus. AoB Plants, 7."
Crataegus_rhipidophylla,NA,Crataegus,Rosaceae,NA,Crataegus,N,,
Crataegus_succulenta,NA,Crataegus,Rosaceae,NA,Crataegus,N,,
Crepis_praemorsa,NA,Crepis,Asteraceae,NA,Crepis,Y,"attached to base genus, only species lacking phylo info, also sister to all other according to ITS_corrected",
Crocosmia_masoniorum,NA,Crocosmia,Iridaceae,NA,Tritonia,Y,"attached to genus Tritonia, syn of Tritonia masoniorum",
Crocosmia_paniculata,NA,Crocosmia,Iridaceae,NA,Freesia,N,,
Crocosmia_pottsii,NA,Crocosmia,Iridaceae,NA,Tritonia,Y,"attached to genus Tritonia, syn of Tritonia pottsii",
Crocus_kotschyanus,NA,Crocus,Iridaceae,Crocus_karduchorum,Crocus,Y,"attached according to Petersen et al., 2008","Petersen, G., Seberg, O., Thorsøe, S., Jørgensen, T. and Mathew, B., 2008. A phylogeny of the genus Crocus (Iridaceae) based on sequence data from five plastid regions. Taxon, 57(2), pp.487-499."
Crocus_longiflorus,NA,Crocus,Iridaceae,Crocus_etruscus,Crocus,Y,"attached according to Petersen et al., 2008","Petersen, G., Seberg, O., Thorsøe, S., Jørgensen, T. and Mathew, B., 2008. A phylogeny of the genus Crocus (Iridaceae) based on sequence data from five plastid regions. Taxon, 57(2), pp.487-499."
Crocus_neapolitanus,NA,Crocus,Iridaceae,NA,Crocus,N,,
Crocus_sieberi,NA,Crocus,Iridaceae,Crocus_rujanensis,Crocus,Y,"attached according to Petersen et al., 2008","Petersen, G., Seberg, O., Thorsøe, S., Jørgensen, T. and Mathew, B., 2008. A phylogeny of the genus Crocus (Iridaceae) based on sequence data from five plastid regions. Taxon, 57(2), pp.487-499."
Crocus_speciosus,NA,Crocus,Iridaceae,Crocus_pulchellus,Crocus,Y,"attached according to Petersen et al., 2008","Petersen, G., Seberg, O., Thorsøe, S., Jørgensen, T. and Mathew, B., 2008. A phylogeny of the genus Crocus (Iridaceae) based on sequence data from five plastid regions. Taxon, 57(2), pp.487-499."
Crocus_vernus,NA,Crocus,Iridaceae,Crocus_kosaninii,Crocus,Y,"attached according to Petersen et al., 2008","Petersen, G., Seberg, O., Thorsøe, S., Jørgensen, T. and Mathew, B., 2008. A phylogeny of the genus Crocus (Iridaceae) based on sequence data from five plastid regions. Taxon, 57(2), pp.487-499."
Cupressus_lawsoniana,Chamaecyparis_lawsoniana,Cupressus,Cupressaceae,NA,NA,Y,attached as synonym ,
Cupressus_pisifera,Chamaecyparis_pisifera,Cupressus,Cupressaceae,NA,NA,Y,attached as synonym ,
Cyathea_dealbata,NA,Cyathea,Cyatheaceae,NA,Cyathea,Y,"attached to base genus Cyathea, only species of this genus in list",
Cyclamen_repandum,NA,Cyclamen,Primulaceae,Cyclamen_balearicum,Cyclamen,Y,"attached according to Yesson, Toomey & Culham, 2009","Yesson, C., Toomey, N.H. and Culham, A., 2009. Cyclamen: time, sea and speciation biogeography using a temporally calibrated phylogeny. Journal of Biogeography, 36(7), pp.1234-1252."
Cymbalaria_hepaticifolia,NA,Cymbalaria,Plantaginaceae,NA,Cymbalaria,N,,
Cymbalaria_pallida,NA,Cymbalaria,Plantaginaceae,NA,Cymbalaria,N,,
Cyrtomium_falcatum,NA,Cyrtomium,Polypodiaceae,Cyrtomium_fortunei,NA,Y,attached to closest relative,
Cystopteris_alpina,NA,Cystopteris,Aspleniaceae,Cystopteris_fragilis,Cystopteris,Y,"attached to sister spec acc to Rothfels, Windham & Pryer, 2013","Rothfels, C.J., Windham, M.D. and Pryer, K.M., 2013. A plastid phylogeny of the cosmopolitan fern family Cystopteridaceae (Polypodiopsida). Systematic Botany, 38(2), pp.295-306."
Cystopteris_diaphana,NA,Cystopteris,Aspleniaceae,Cystopteris_fragilis,Cystopteris,Y,"attached to C fragilis as new branch acc to Rothfels, Windham & Pryer, 2013","Rothfels, C.J., Windham, M.D. and Pryer, K.M., 2013. A plastid phylogeny of the cosmopolitan fern family Cystopteridaceae (Polypodiopsida). Systematic Botany, 38(2), pp.295-306."
Cystopteris_dickieana,NA,Cystopteris,Aspleniaceae,NA,Cystopteris,N,,
Cystopteris_montana,NA,Cystopteris,Aspleniaceae,"74,108",Cystopteris,Y,"attached as new branch acc to Rothfels, Windham & Pryer, 2013","Rothfels, C.J., Windham, M.D. and Pryer, K.M., 2013. A plastid phylogeny of the cosmopolitan fern family Cystopteridaceae (Polypodiopsida). Systematic Botany, 38(2), pp.295-306."
Cytisus_multiflorus,NA,Cytisus,Fabaceae,NA,Cytisus,N,,
Cytisus_striatus,NA,Cytisus,Fabaceae,NA,Cytisus,N,,
Dactylis_polygama,NA,Dactylis,Poaceae,Dactylis_glomerata,NA,Y,syn of Dactylis glomerata subsp. schersoniana,
Dactylorhiza_kerryensis,Dactylorhiza_majalis,Dactylorhiza,Orchidaceae,NA,NA,Y,attached as synonym ,
Dactylorhiza_traunsteinerioides,NA,Dactylorhiza,Orchidaceae,Dactylorhiza_fuchsii,NA,Y,"attached to sister species acc to ITS_corrected, also syn of Dactylorhiza majalis subsp. traunsteinerioides ",
Davallia_canariensis,NA,Davallia,Polypodiaceae,Oleandra_musifolia,Oleandra,Y,"genus known to be close relative of genus Oleandra acc to Tsutsumi et al., 2016","Tsutsumi, C., Chen, C.W., Larsson, A., Hirayama, Y. and Kato, M., 2016. Phylogeny and classification of Davalliaceae on the basis of chloroplast and nuclear markers. Taxon, 65(6), pp.1236-1248."
Dianthus_gallicus,NA,Dianthus,Caryophyllaceae,Dianthus_hyssopifolius,Dianthus,Y,"attached to closest relative, syn of Dianthus hyssopifolius subsp. gallicus",
Dicksonia_antarctica,NA,Dicksonia,Cyatheaceae,"74,324",Dicksonia,Y,"attached to base genus, only species of this genus",
Diphasiastrum_tristachyum,NA,Diphasiastrum,Lycopodiaceae,Diphasiastrum_alpinum,NA,Y,attached to closest relative,
Diplotaxis_muralis,NA,Diplotaxis,Brassicaceae,NA,Diplotaxis,N,,
Doronicum_columnae,NA,Doronicum,Asteraceae,Doronicum_pardalianches,Doronicum,Y,"attached acc to Fernández et al., 2001","Fernández, I.Á., Aguilar, J.F., Panero, J.L. and Feliner, G.N., 2001. A phylogenetic analysis of Doronicum (Asteraceae, Senecioneae) based on morphological, nuclear ribosomal (ITS), and chloroplast (trnL-F) evidence. Molecular Phylogenetics and Evolution, 20(1), pp.41-64."
Doronicum_plantagineum,NA,Doronicum,Asteraceae,Doronicum_columnae,Doronicum,Y,"attached to Doronicum columnae (pardalianches is sister to both acc to Fernández et al., 2001)",
Drabella_muralis,Draba_muralis,Drabella,Brassicaceae,NA,NA,Y,attached as synonym ,
Drosanthemum_floribundum,NA,Drosanthemum,Aizoaceae,"27,075",Drosanthemum,Y,"attached to base genus, only species of this genus",
Drosera_intermedia,NA,Drosera,Droseraceae,Drosera_rotundifolia,Drosera,Y,attached to closest relative according to ITS_corrected,
Drymochloa_sylvatica,Festuca_altissima,Drymochloa,Poaceae,NA,NA,Y,attached as synonym ,
Dryopteris_affinis,NA,Dryopteris,Polypodiaceae,Dryopteris_filix-mas,Dryopteris,Y,"attached acc to Sessa, Zimmer & Givnish, 2012","Sessa, E.B., Zimmer, E.A. and Givnish, T.J., 2012. Phylogeny, divergence times, and historical biogeography of New World Dryopteris (Dryopteridaceae). American Journal of Botany, 99(4), pp.730-750."
Dryopteris_submontana,NA,Dryopteris,Polypodiaceae,NA,Dryopteris,N,,
Dysphania_botrys,NA,Dysphania,Amaranthaceae,Dysphania_ambrosioides,NA,Y,attached to closest relative,
Echinochloa_microstachya,Echinochloa_muricata,Echinochloa,Poaceae,NA,NA,Y,attached as synonym ,
Elaeagnus_commutata,NA,Elaeagnus,Elaeagnaceae,Elaeagnus_umbellata,Elaeagnus,Y,"attached to closest relative acc to Bartish et al., 2002","Bartish, I.V., Jeppsson, N., Nybom, H. and Swenson, U., 2002. Phylogeny of Hippophae (Elaeagnaceae) inferred from parsimony analysis of chloroplast DNA and morphology. Systematic Botany, 27(1), pp.41-54."
Elaeagnus_macrophylla,NA,Elaeagnus,Elaeagnaceae,NA,Elaeagnus,N,,
Elaeagnus_pungens,NA,Elaeagnus,Elaeagnaceae,NA,Elaeagnus,N,,
Eleocharis_mamillata,NA,Eleocharis,Cyperaceae,Eleocharis_uniglumis,Eleocharis,Y,"attached to E. uniglumis, E. mamillata and E. parvula are sisters, acc to ITS_corrected",
Eleocharis_parvula,NA,Eleocharis,Cyperaceae,Eleocharis_mamillata,Eleocharis,Y,"attached to E. uniglumis, E. mamillata and E. parvula are sisters, acc to ITS_corrected",
Eleogiton_fluitans,Isolepis_fluitans,Eleogiton,Cyperaceae,NA,NA,Y,attached as synonym ,
Elodea_callitrichoides,NA,Elodea,Hydrocharitaceae,NA,Elodea,N,,
Elymus_junceiformis,NA,Elymus,Poaceae,Elymus_farctus,NA,Y,"attached to closest relative, syn of Elymus farctus subsp. boreoatlanticus",
Epilobium_alsinifolium,NA,Epilobium,Onagraceae,Epilobium_anagallidifolium,Epilobium,Y,attached according to ITS_corrected,
Epilobium_brachycarpum,NA,Epilobium,Onagraceae,NA,Epilobium,N,,
Epilobium_brunnescens,NA,Epilobium,Onagraceae,NA,Epilobium,N,,
Epilobium_komarovianum,NA,Epilobium,Onagraceae,NA,Epilobium,N,,
Epilobium_pedunculare,NA,Epilobium,Onagraceae,NA,Epilobium,N,,
Epipactis_dunensis,NA,Epipactis,Orchidaceae,Epipactis_leptochila,NA,Y,"attached to closest relative, syn of Epipactis leptochila var. dunensis",
Epipactis_purpurata,NA,Epipactis,Orchidaceae,NA,Epipactis,N,,
Epipactis_sancta,NA,Epipactis,Orchidaceae,NA,Epipactis,N,,
Epipogium_aphyllum,NA,Epipogium,Orchidaceae,NA,Satyrium,Y,attached to base of synonymous genus (Satyrium) in tree,
Erica_carnea,Erica_herbacea,Erica,Ericaceae,NA,NA,Y,attached as synonym ,
Erica_mackayana,Erica_mackaiana,Erica,Ericaceae,NA,NA,Y,attached as synonym ,
Erigeron_sumatrensis,Conyza_sumatrensis,Erigeron,Asteraceae,NA,NA,Y,attached as synonym ,
Erodium_aethiopicum,Erodium_lebelii,Erodium,Geraniaceae,NA,NA,Y,attached as synonym ,
Erodium_manescavii,Erodium_manescavi,Erodium,Geraniaceae,NA,NA,Y,attached as synonym ,
Erophila_glabrescens,NA,Erophila,Brassicaceae,Erophila_verna,Erophila,Y,"attached acc to ITS corrected, E. majuscula is sister to both other Erophilas",
Erophila_majuscula,NA,Erophila,Brassicaceae,Erophila_verna,Erophila,Y,attached according to ITS_corrected,
Ervilia_hirsuta,Vicia_hirsuta,Ervilia,Fabaceae,NA,NA,Y,attached as synonym ,
Ervilia_sylvatica,Vicia_sylvatica,Ervilia,Fabaceae,NA,NA,Y,attached as synonym ,
Ervum_gracile,Vicia_parviflora,Ervum,Fabaceae,NA,NA,Y,attached as synonym ,
Ervum_tetraspermum,Vicia_tetrasperma,Ervum,Fabaceae,NA,NA,Y,attached as synonym ,
Erythranthe_guttata,Mimulus_guttatus,Erythranthe,Phrymaceae,NA,NA,Y,attached as synonym ,
Erythranthe_moschata,Mimulus_moschatus,Erythranthe,Phrymaceae,NA,NA,Y,attached as synonym ,
Erythranthe_peregrina,NA,Erythranthe,Phrymaceae,Mimulus_guttatus,Mimulus,Y,"attached to hybrid parent Mimulus_guttatus (acc to Thomas, 2015)","Thomas, C.D., 2015. Rapid acceleration of plant speciation during the Anthropocene. Trends in ecology & evolution, 30(8), pp.448-455."
Eucalyptus_johnstonii,NA,Eucalyptus,Myrtaceae,Eucalyptus_vernicosa,Eucalyptus,Y,"attached according to Jones et al., 2016","Jones, R.C., Nicolle, D., Steane, D.A., Vaillancourt, R.E. and Potts, B.M., 2016. High density, genome-wide markers and intra-specific replication yield an unprecedented phylogenetic reconstruction of a globally significant, speciose lineage of Eucalyptus. Molecular Phylogenetics and Evolution, 105, pp.63-85."
Eucalyptus_niphophila,NA,Eucalyptus,Myrtaceae,NA,Eucalyptus,N,,
Eucalyptus_urnigera,NA,Eucalyptus,Myrtaceae,Eucalyptus_gunnii,Eucalyptus,Y,"attached according to Jones et al., 2016","Jones, R.C., Nicolle, D., Steane, D.A., Vaillancourt, R.E. and Potts, B.M., 2016. High density, genome-wide markers and intra-specific replication yield an unprecedented phylogenetic reconstruction of a globally significant, speciose lineage of Eucalyptus. Molecular Phylogenetics and Evolution, 105, pp.63-85."
Eucalyptus_viminalis,NA,Eucalyptus,Myrtaceae,Eucalyptus_sabulosa,Eucalyptus,Y,"attached according to Jones et al., 2016","Jones, R.C., Nicolle, D., Steane, D.A., Vaillancourt, R.E. and Potts, B.M., 2016. High density, genome-wide markers and intra-specific replication yield an unprecedented phylogenetic reconstruction of a globally significant, speciose lineage of Eucalyptus. Molecular Phylogenetics and Evolution, 105, pp.63-85."
Euphorbia_peplis,NA,Euphorbia,Euphorbiaceae,NA,Euphorbia,Y,"attached to base genus, is sister to all other Euphorbia spec.",
Euphrosyne_xanthiifolia,NA,Euphrosyne,Asteraceae,NA,Ambrosia,Y,"attached to base Ambrosiagenus Euphrosyne closely related to Ambrosia acc to Tomasello et al., 2019","Tomasello, S., Stuessy, T.F., Oberprieler, C. and Heubl, G., 2019. Ragweeds and relatives: Molecular phylogenetics of Ambrosiinae (Asteraceae). Molecular phylogenetics and evolution, 130, pp.104-114."
Exaculum_pusillum,NA,Exaculum,Gentianaceae,Cicendia_filiformis,Cicendia,Y,"attached to closely related genus acc to Mansion, 2014","Mansion, G., 2014. Twenty-first Century Centauries: An Updated Review on Centaurium Hill and Allies (Gentianaceae). The Gentianaceae-Volume 1: Characterization and Ecology, pp.231-250."
Fagopyrum_cymosum,NA,Fagopyrum,Polygonaceae,NA,Fagopyrum,Y,"attached to base genus Fagopyrum, sister to both other Fagopyrum species in list acc to Zhou et al., 2014","Zhou, M.L., Wang, C.L., Wang, D.Z., Zheng, Y.D., Li, F.L., Zhu, X.M., Tang, Y.X., Shao, J.R., Tang, Y. and Wu, Y.M., 2014. Phylogenetic relationship of four new species related to southwestern Sichuan Fagopyrum based on morphological and molecular characterization. Biochemical Systematics and Ecology, 57, pp.403-409."
Fagus_sylvatica,NA,Fagus,Fagaceae,NA,Fagus,Y,"attached to base genus, only species in this genus",
Filipendula_camtschatica,Filipendula_camschatica,Filipendula,Rosaceae,NA,NA,Y,attached as synonym ,
Fragaria_ananassa,NA,Fragaria,Rosaceae,Fragaria_chiloensis,NA,Y,syn of Fragaria chiloensis var. ananassa,
Fumaria_reuteri,NA,Fumaria,Papaveraceae,NA,Fumaria,N,,
Furcraea_parmentieri,Furcraea_longaeva,Furcraea,Asparagaceae,NA,NA,Y,attached as synonym ,
Galeopsis_angustifolia,NA,Galeopsis,Lamiaceae,NA,Galeopsis,N,,
Galeopsis_segetum,NA,Galeopsis,Lamiaceae,NA,Galeopsis,N,,
Galium_constrictum,NA,Galium,Rubiaceae,Galium_palustre,Galium,Y,attached acc to ITS_corrected,
Galium_spurium,NA,Galium,Rubiaceae,NA,Galium,N,,
Galium_sterneri,NA,Galium,Rubiaceae,Galium_saxatile,Galium,Y,attached acc to ITS_corrected,
Gamochaeta_purpurea,NA,Gamochaeta,Asteraceae,Gamochaeta_argyrinea,NA,Y,"attached to closest relative, not in list itself",
Gazania_rigens,NA,Gazania,Asteraceae,Gazania_rigida,NA,Y,"attached to closest relative, not in list itself",
Genista_aetnensis,NA,Genista,Fabaceae,Genista_valsecchiae,Genista,Y,"attached according to Pardo, Cubas & Tahiri, 2004","Pardo, C., Cubas, P. and Tahiri, H., 2004. Molecular phylogeny and systematics of Genista (Leguminosae) and related genera based on nucleotide sequences of nrDNA (ITS region) and cpDNA (trnL-trnF intergenic spacer). Plant Systematics and Evolution, 244(1), pp.93-119."
Geranium_herrerae,Geranium_retrorsum,Geranium,Geraniaceae,NA,NA,Y,attached as synonym ,
Geranium_himalayense,NA,Geranium,Geraniaceae,Geranium_koraiense,Geranium,Y,"attached according to Marcussen & Meseguer, 2017","Marcussen, T. and Meseguer, A.S., 2017. Species-level phylogeny, fruit evolution and diversification history of Geranium (Geraniaceae). Molecular Phylogenetics and Evolution, 110, pp.134-149."
Geum_macrophyllum,NA,Geum,Rosaceae,NA,Geum,N,,
Geum_quellyon,NA,Geum,Rosaceae,NA,Geum,N,,
Grindelia_stricta,NA,Grindelia,Asteraceae,NA,Grindelia,Y,"attached to base genus, only species in this genus",
Guizotia_abyssinica,NA,Guizotia,Asteraceae,NA,Axiniphyllum,Y,"attached to closely related genus acc to Bekele et al., 2007","Bekele, E., Geleta, M., Dagne, K., Jones, A.L., Barnes, I., Bradman, N. and Thomas, M.G., 2007. Molecular phylogeny of genus Guizotia (Asteraceae) using DNA sequences derived from ITS. Genetic Resources and Crop Evolution, 54(7), pp.1419-1427."
Gymnadenia_densiflora,NA,Gymnadenia,Orchidaceae,Gymnadenia_conopsea,NA,Y,"attached to closest relative, syn to Gymnadenia conopsea subsp. densiflora",
Gymnocarpium_robertianum,NA,Gymnocarpium,Aspleniaceae,Gymnocarpium_dryopteris,NA,Y,attached to closest relative,
Hammarbya_paludosa,NA,Hammarbya,Orchidaceae,NA,Hammarbya,N,,
Helianthemum_apenninum,NA,Helianthemum,Cistaceae,Helianthemum_nummularium,Helianthemum,Y,"attached according to Aparicio et al., 2017","Aparicio, A., Martin-Hernanz, S., Parejo-Farnes, C., Arroyo, J., Ye?ilyurt, E.B., Ye?ilyurt, M.L., Ye?ilyurt, M.L., Rubio, E. and Albaladejo, R.G., 2017. Phylogenetic reconstruction of the genus Helianthemum (Cistaceae) using plastid and nuclear DNA?sequences: Systematic and evolutionary inferences. Taxon, 66(4), pp.868-885."
Helichrysum_bellidioides,NA,Helichrysum,Asteraceae,Helichrysum_filicaule,Helichrysum,Y,"attached according to Galbany-Casals et al., 2004","Galbany-Casals, M., Garcia-Jacas, N., Susanna, A., Sáez, L. and Benedí, C., 2004. Phylogenetic relationships in the Mediterranean Helichrysum (Asteraceae, Gnaphalieae) based on nuclear rDNA ITS sequence data. Australian Systematic Botany, 17(3), pp.241-253."
Helleborus_argutifolius,NA,Helleborus,Ranunculaceae,Helleborus_lividus,NA,Y,"attached to closest relative, not in list itself, syn of Helleborus lividus subsp. corsicus",
Helosciadium_inundatum,Apium_inundatum,Helosciadium,Apiaceae,NA,NA,Y,attached as synonym ,
Helosciadium_nodiflorum,Apium_nodiflorum,Helosciadium,Apiaceae,NA,NA,Y,attached as synonym ,
Helosciadium_repens,Apium_repens,Helosciadium,Apiaceae,NA,NA,Y,attached as synonym ,
Herniaria_hirsuta,NA,Herniaria,Caryophyllaceae,NA,Herniaria,N,,
Himantoglossum_hircinum,NA,Himantoglossum,Orchidaceae,Himantoglossum_robertianum,NA,Y,"attached to closest relative, not in list itself",
Hippocrepis_emerus,NA,Hippocrepis,Fabaceae,Hippocrepis_comosa,NA,Y,attached to closest relative,
Hordeum_distichon,NA,Hordeum,Poaceae,Hordeum_vulgare,NA,Y,"attached to closest relative, syn of Hordeum vulgare subsp. distichon",
Hordeum_geniculatum,NA,Hordeum,Poaceae,Hordeum_marinum,NA,Y,"attached to closest relative, syn of Hordeum marinum subsp. gussoneanum",
Hyacinthoides_italica,NA,Hyacinthoides,Asparagaceae,NA,Hyacinthoides,Y,"attached to base genus, sister to both other spec acc to Grundmann et al., 2010","Grundmann, M., Rumsey, F.J., Ansell, S.W., Russell, S.J., Darwin, S.C., Vogel, J.C., Spencer, M., Squirrell, J., Hollingsworth, P.M., Ortiz, S. and Schneider, H., 2010. Phylogeny and taxonomy of the bluebell genus Hyacinthoides, Asparagaceae [Hyacinthaceae]. Taxon, 59(1), pp.68-82."
Hydrocotyle_moschata,NA,Hydrocotyle,Araliaceae,Hydrocotyle_sibthorpioides,Hydrocotyle,Y,attached to syn species Hydrocotyle sibthorpioides,
Hydrocotyle_novae-zeelandiae,Hydrocotyle_novae-zelandiae,Hydrocotyle,Araliaceae,NA,NA,Y,attached as synonym ,
Hylotelephium_telephium,Sedum_telephium,Hylotelephium,Crassulaceae,NA,NA,Y,attached as synonym ,
Hymenophyllum_wilsonii,NA,Hymenophyllum,Hymenophyllaceae,Hymenophyllum_tunbrigense,NA,Y,attached to closest relative,
Hypolepis_ambigua,NA,Hypolepis,Dennstaedtiaceae,NA,Hypolepis,Y,"attached to base genus, only species in this genus",
Hypopitys_monotropa,Monotropa_hypopitys,Hypopitys,Ericaceae,NA,NA,Y,attached as synonym ,
Imperatoria_ostruthium,Peucedanum_ostruthium,Imperatoria,Apiaceae,NA,NA,Y,attached as synonym ,
Inula_conyzae,Inula_conyza,Inula,Asteraceae,NA,NA,Y,attached as synonym ,
Inula_hookeri,NA,Inula,Asteraceae,NA,Inula,N,,
Inula_oculus-christi,NA,Inula,Asteraceae,Pentanema_divaricatum,Inula,Y,"attached to closest relative in list, acc to Gutiérrez-Larruscain et al., 2018","Gutiérrez-Larruscain, D., Santos-Vicente, M., Anderberg, A.A., Rico, E. and Martínez-Ortega, M.M., 2018. Phylogeny of the Inula group (Asteraceae: Inuleae): Evidence from nuclear and plastid genomes and a recircumscription of Pentanema. Taxon, 67(1), pp.149-164."
Ipomoea_hederacea,NA,Ipomoea,Convolvulaceae,Ipomoea_indica,Ipomoea,Y,"attached to closest relative acc to Miller, McDonald & Manos, 2004","Miller, R.E., McDonald, J.A. and Manos, P.S., 2004. Systematics of Ipomoea subgenus Quamoclit (Convolvulaceae) based on ITS sequence data and a Bayesian phylogenetic analysis. American Journal of Botany, 91(8), pp.1208-1218."
Iris_germanica,Iris_X_germanica,Iris,Iridaceae,NA,NA,Y,attached as synonym ,
Iris_latifolia,NA,Iris,Iridaceae,Iris_xiphium,Iris,Y,"position clear after pruning: closest relative to I. xiphium, need to be attached to Xiphium clade (somewhere at base between I. boissieri, I. tingitana, I. xiphium and I. filifolia), acc to Martínez et al., 2010","Martínez, J., Vargas, P., Luceño, M. and Cuadrado, A., 2010. Evolution of Iris subgenus Xiphium based on chromosome numbers, FISH of nrDNA (5S, 45S) and trnL–trnF sequence analysis. Plant Systematics and Evolution, 289(3), pp.223-235."
Iris_orientalis,NA,Iris,Iridaceae,Iris_spuria,NA,Y,"attached to closest relative, syn of Iris spuriasubsp. ochroleuca",
Ismelia_carinata,NA,Ismelia,Asteraceae,NA,Tanacetum,Y,"attached to closely related to genus Tanacetum acc to Zeng, Wang & He, 2020","Zeng, T., Li, J., Wang, C. and He, J., 2020. The complete chloroplast genome of Tanacetum coccineum. Mitochondrial DNA Part B, 5(3), pp.2233-2234."
Isoetes_histrix,NA,Isoetes,Isoetaceae,NA,Isoetes,N,,
Ixia_campanulata,NA,Ixia,Iridaceae,Ixia_paniculata,NA,Y,attached to closest relative,
Jasminum_beesianum,NA,Jasminum,Oleaceae,NA,Jasminum,N,,
Jasminum_officinale,NA,Jasminum,Oleaceae,Jasminum_grandiflorum,Jasminum,Y,"attached to close relative acc to Jeyarani et al., 2018","Jeyarani, J.N., Yohannan, R., Vijayavalli, D., Dwivedi, M.D. and Pandey, A.K., 2018. Phylogenetic analysis and evolution of morphological characters in the genus Jasminum L.(Oleaceae) in India. Journal of genetics, 97(5), pp.1225-1239."
Kalmia_procumbens,Loiseleuria_procumbens,Kalmia,Ericaceae,NA,NA,Y,attached as synonym ,
Koenigia_alpina,NA,Koenigia,Polygonaceae,NA,Koenigia,N,,
Koenigia_campanulata,NA,Koenigia,Polygonaceae,NA,Koenigia,N,,
Koenigia_mollis,Polygonum_paniculatum,Koenigia,Polygonaceae,NA,NA,Y,attached as synonym ,
Koenigia_polystachya,NA,Koenigia,Polygonaceae,NA,Koenigia,N,,
Koenigia_weyrichii,NA,Koenigia,Polygonaceae,NA,Koenigia,N,,
Laburnum_alpinum,NA,Laburnum,Fabaceae,NA,Laburnum,N,,
Laburnum_anagyroides,NA,Laburnum,Fabaceae,NA,Laburnum,N,,
Lamiastrum_galeobdolon,Lamium_galeobdolon,Lamiastrum,Lamiaceae,NA,NA,Y,attached as synonym ,
Lamium_hybridum,NA,Lamium,Lamiaceae,Lamium_purpureum,NA,Y,"attached to closest relative, syn of Lamium purpureum var. hybridum",
Lampranthus_aureus,NA,Lampranthus,Aizoaceae,NA,Lampranthus,N,,
Lampranthus_roseus,NA,Lampranthus,Aizoaceae,NA,Lampranthus,N,,
Lathraea_clandestina,NA,Lathraea,Orobanchaceae,Lathraea_squamaria,NA,Y,attached to closest relative,
Lathyrus_heterophyllus,NA,Lathyrus,Fabaceae,Lathyrus_latifolius,NA,Y,"attached to closest relative, syn of Lathyrus latifolius subsp. heterophyllus",
Lathyrus_niger,NA,Lathyrus,Fabaceae,NA,Lathyrus,Y,"attached to base genus Lathyrus, sister species to all other Lathyrus acc to Amussen & Liston, 1998","Asmussen, C.B. and Liston, A., 1998. Chloroplast DNA characters, phylogeny, and classification of Lathyrus (Fabaceae). American Journal of Botany, 85(3), pp.387-401."
Lathyrus_odoratus,NA,Lathyrus,Fabaceae,Lathyrus_hirsutus,Lathyrus,Y,"attached to sister species acc to Amussen & Liston, 1998","Asmussen, C.B. and Liston, A., 1998. Chloroplast DNA characters, phylogeny, and classification of Lathyrus (Fabaceae). American Journal of Botany, 85(3), pp.387-401."
Lathyrus_oleraceus,Pisum_sativum,Lathyrus,Fabaceae,NA,NA,Y,attached as synonym ,
Laurus_nobilis,NA,Laurus,Lauraceae,Laurus_azorica,NA,Y,"attached to closest relative, not in list itself",
Legousia_speculum-veneris,NA,Legousia,Campanulaceae,Legousia_hybrida,NA,Y,attached to closest relative,
Lepidium_latifolium,NA,Lepidium,Brassicaceae,Lepidium_ruderale,Lepidium,Y,attached to sister taxon Lepidium ruderale acc to ITS_corrected,
Leucanthemella_serotina,NA,Leucanthemella,Asteraceae,Leucanthemella_linearis,NA,Y,"attached to closest relative, not in list itself",
Libertia_elegans,NA,Libertia,Iridaceae,NA,Libertia,Y,"attached to genus Libertia, no polytomy generated",
Libertia_formosa,NA,Libertia,Iridaceae,NA,Libertia,Y,"attached to genus Libertia, no polytomy generated",
Limnanthes_douglasii,NA,Limnanthes,Limnanthaceae,Limnanthes_alba,NA,Y,"attached to closest realative, not in list itself",
Limonium_auriculae-ursifolium,NA,Limonium,Plumbaginaceae,NA,Limonium,N,,
Limonium_bellidifolium,NA,Limonium,Plumbaginaceae,NA,Limonium,N,,
Limonium_hyblaeum,Limonium_companyonis,Limonium,Plumbaginaceae,NA,NA,Y,attached as synonym ,
Limonium_normannicum,NA,Limonium,Plumbaginaceae,NA,Limonium,N,,
Linaria_arenaria,NA,Linaria,Plantaginaceae,NA,Linaria,N,,
Linaria_pelisseriana,NA,Linaria,Plantaginaceae,NA,Linaria,N,,
Linaria_purpurea,NA,Linaria,Plantaginaceae,Linaria_repens,Linaria,Y,"attached to closest relative according to Fernández-Mazuecos, Blanco-Pastor & Vargas, 2013","Fernández-Mazuecos, M., Blanco-Pastor, J.L. and Vargas, P., 2013. A phylogeny of toadflaxes (Linaria Mill.) based on nuclear internal transcribed spacer sequences: systematic and evolutionary consequences. International Journal of Plant Sciences, 174(2), pp.234-249."
Linaria_supina,NA,Linaria,Plantaginaceae,NA,Linaria,N,,
Linum_radiola,Radiola_linoides,Linum,Linaceae,NA,NA,Y,attached as synonym ,
Lipandra_polysperma,Chenopodium_polyspermum,Lipandra,Amaranthaceae,NA,NA,Y,attached as synonym ,
Lobelia_urens,NA,Lobelia,Campanulaceae,NA,Lobelia,N,,
Logfia_gallica,NA,Logfia,Asteraceae,Logfia_minima,Logfia,Y,attached to closest relative,
Lonicera_henryi,Lonicera_acuminata,Lonicera,Caprifoliaceae,NA,NA,Y,attached as synonym ,
Lonicera_nitida,NA,Lonicera,Caprifoliaceae,Lonicera_ligustrina,Lonicera,Y,"attached to closest relative, syn of Lonicera ligustrina var. yunnanensis",
Lonicera_pileata,NA,Lonicera,Caprifoliaceae,Lonicera_involucrata,Lonicera,Y,"attached to closest relative acc to Nakaji, Tanaka & Sugawara, 2015","Nakaji, M., Tanaka, N. and Sugawara, T., 2015. A molecular phylogenetic study of Lonicera L.(Caprifoliaceae) in Japan based on chloroplast DNA sequences. Acta Phytotaxonomica et Geobotanica, 66(3), pp.137-151."
Lotus_hirsutus,NA,Lotus,Fabaceae,NA,Lotus,N,,
Lotus_maritimus,NA,Lotus,Fabaceae,NA,Lotus,N,,
Lupinus_nootkatensis,NA,Lupinus,Fabaceae,NA,Lupinus,N,,
Luzula_luzuloides,NA,Luzula,Juncaceae,Luzula_atlantica,Luzula,Y,"attached to close relative acc to Drábková & Vl?ek, 2010","Drábková, L.Z. and Vl?ek, ?., 2010. Molecular phylogeny of the genus Luzula DC.(Juncaceae, Monocotyledones) based on plastome and nuclear ribosomal regions: a case of incongruence, incomplete lineage sorting and hybridisation. Molecular Phylogenetics and Evolution, 57(2), pp.536-551."
Luzula_pallescens,NA,Luzula,Juncaceae,Luzula_campestris,NA,Y,"attached to closest relative, syn of Luzula campestris var. pallescens",
Lycopodium_lagopus,NA,Lycopodium,Lycopodiaceae,Lycopodium_clavatum,NA,Y,"attached to closest relative, syn of Lycopodium clavatum f. furcatum",
Lycopsis_arvensis,Anchusa_arvensis,Lycopsis,Boraginaceae,NA,NA,Y,attached as synonym ,
Lysichiton_camtschatcensis,NA,Lysichiton,Araceae,Lysichiton_americanus,NA,Y,attached to closest relative,
Lysimachia_arvensis,Anagallis_arvensis,Lysimachia,Primulaceae,NA,NA,Y,attached as synonym ,
Lysimachia_foemina,NA,Lysimachia,Primulaceae,Anagallis_arvensis,NA,Y,"attached to closest relative, syn of Anagallis arvensis subsp. caerulea",
Lysimachia_minima,Anagallis_minima,Lysimachia,Primulaceae,NA,NA,Y,attached as synonym ,
Lysimachia_tenella,Anagallis_tenella,Lysimachia,Primulaceae,NA,NA,Y,attached as synonym ,
Lysimachia_terrestris,NA,Lysimachia,Primulaceae,Lysimachia_vulgaris,NA,Y,"attached to closest relative, syn of Lysimachia vulgaris",
Mahonia_aquifolium,Berberis_aquifolium,Mahonia,Berberidaceae,NA,NA,Y,attached as synonym ,
Maianthemum_kamtschaticum,NA,Maianthemum,Asparagaceae,Maianthemum_bifolium,NA,Y,attached to closest relative,
Malva_setigera,Althaea_hirsuta,Malva,Malvaceae,NA,NA,Y,attached as synonym ,
Malva_trimestris,Lavatera_trimestris,Malva,Malvaceae,NA,NA,Y,attached as synonym ,
Matricaria_chamomilla,NA,Matricaria,Asteraceae,Matricaria_discoidea,NA,Y,attached to closest relative,
Matthiola_sinuata,NA,Matthiola,Brassicaceae,Matthiola_incana,NA,Y,"attached to closest relative, syn of Matthiola incana subsp. cyrenaica",
Mauranthemum_paludosum,NA,Mauranthemum,Asteraceae,Leucanthemum_vulgare,Leucanthemum,Y,attached as synonymous Leucanthemum paludosum to closest relative,
Melampyrum_arvense,NA,Melampyrum,Orobanchaceae,NA,Melampyrum,N,,
Melampyrum_cristatum,NA,Melampyrum,Orobanchaceae,Melampyrum_sylvaticum,Melampyrum,Y,attached to closest relative acc to ITS_corrected,
Melanoselinum_decipiens,Daucus_decipiens,Melanoselinum,Apiaceae,NA,NA,Y,attached as synonym ,
Meum_athamanticum,NA,Meum,Apiaceae,Aegopodium_podagraria,NA,Y,attached to closest relative acc to ITS_corrected,
Micranthes_nivalis,Saxifraga_nivalis,Micranthes,Saxifragaceae,NA,NA,Y,attached as synonym ,
Micranthes_stellaris,Saxifraga_stellaris,Micranthes,Saxifragaceae,NA,NA,Y,attached as synonym ,
Microthlaspi_perfoliatum,Thlaspi_perfoliatum,Microthlaspi,Brassicaceae,NA,NA,Y,attached as synonym ,
Minuartia_recurva,NA,Minuartia,Caryophyllaceae,Minuartia_stricta,Minuartia,Y,"attached to closest relative Minuartia stricta, only other sp of this genus in phylo",
Misopates_calycinum,NA,Misopates,Plantaginaceae,Misopates_orontium,NA,Y,"attached to closest relative, only other species of this genus in the list",
Muscari_armeniacum,NA,Muscari,Asparagaceae,Muscari_aucheri,NA,Y,"attached to closest relative, according to Dizkirici, 2018","Dizkirici, A., Yigit, O., Pinar, M. and Eroglu, H., 2019. Molecular phylogeny of Muscari (Asparagaceae) inferred from cpDNA sequences. Biologia, 74(3), pp.205-214."
Muscari_botryoides,NA,Muscari,Asparagaceae,NA,NA,N,,
Muscari_comosum,NA,Muscari,Asparagaceae,NA,Muscari,Y,"attached to base genus since sister to other Muscari species according to Dizkirici, 2018","Dizkirici, A., Yigit, O., Pinar, M. and Eroglu, H., 2019. Molecular phylogeny of Muscari (Asparagaceae) inferred from cpDNA sequences. Biologia, 74(3), pp.205-214."
Mycelis_muralis,Lactuca_muralis,Mycelis,Asteraceae,NA,NA,Y,attached as synonym ,
Myrica_pensylvanica,Morella_pensylvanica,Myrica,Myricaceae,NA,NA,Y,attached as synonym ,
Narcissus_bicolor,NA,Narcissus,Amaryllidaceae,Narcissus_hispanicus,NA,Y,"attached to closest relative acc to Marques et al., 2017","Marques, I., Fuertes Aguilar, J., Martins-Louçao, M.A., Moharrek, F. and Nieto Feliner, G., 2017. A three?genome five?gene comprehensive phylogeny of the bulbous genus Narcissus (Amaryllidaceae) challenges current classifications and reveals multiple hybridization events. Taxon, 66(4), pp.832-854."
Narcissus_cyclamineus,NA,Narcissus,Amaryllidaceae,Narcissus_poeticus,NA,Y,"attached to closest relative acc to Marques et al., 2017","Marques, I., Fuertes Aguilar, J., Martins-Louçao, M.A., Moharrek, F. and Nieto Feliner, G., 2017. A three?genome five?gene comprehensive phylogeny of the bulbous genus Narcissus (Amaryllidaceae) challenges current classifications and reveals multiple hybridization events. Taxon, 66(4), pp.832-854."
Narcissus_macrolobus,NA,Narcissus,Amaryllidaceae,Narcissus_bicolor,NA,Y,"attached to closest relative acc to Marques et al., 2017","Marques, I., Fuertes Aguilar, J., Martins-Louçao, M.A., Moharrek, F. and Nieto Feliner, G., 2017. A three?genome five?gene comprehensive phylogeny of the bulbous genus Narcissus (Amaryllidaceae) challenges current classifications and reveals multiple hybridization events. Taxon, 66(4), pp.832-854."
Narcissus_minor,NA,Narcissus,Amaryllidaceae,Narcissus_asturiensis,NA,Y,"attached to closest relative, syn of Narcissus asturiensis subsp. brevicoronatus, verified from Marques et al., 2017","Marques, I., Fuertes Aguilar, J., Martins-Louçao, M.A., Moharrek, F. and Nieto Feliner, G., 2017. A three?genome five?gene comprehensive phylogeny of the bulbous genus Narcissus (Amaryllidaceae) challenges current classifications and reveals multiple hybridization events. Taxon, 66(4), pp.832-854."
Narcissus_moschatus,NA,Narcissus,Amaryllidaceae,Narcissus_cernuus,NA,Y,"attached to closest relative, syn of Narcissus_cernuus",
Narcissus_nobilis,NA,Narcissus,Amaryllidaceae,Narcissus_minor,NA,Y,"attached to closest relative acc to Marques et al., 2017","Marques, I., Fuertes Aguilar, J., Martins-Louçao, M.A., Moharrek, F. and Nieto Feliner, G., 2017. A three?genome five?gene comprehensive phylogeny of the bulbous genus Narcissus (Amaryllidaceae) challenges current classifications and reveals multiple hybridization events. Taxon, 66(4), pp.832-854."
Narcissus_obvallaris,NA,Narcissus,Amaryllidaceae,Narcissus_hispanicus,NA,Y,"attaced to closest relative, is syn of Narcissus hispanicus subsp. hispanicus",
Narcissus_radiiflorus,NA,Narcissus,Amaryllidaceae,Narcissus_poeticus,NA,Y,"attached to closest relative acc to Marques et al., 2017, closer than N. cyclamineus","Marques, I., Fuertes Aguilar, J., Martins-Louçao, M.A., Moharrek, F. and Nieto Feliner, G., 2017. A three?genome five?gene comprehensive phylogeny of the bulbous genus Narcissus (Amaryllidaceae) challenges current classifications and reveals multiple hybridization events. Taxon, 66(4), pp.832-854."
Neotinea_ustulata,NA,Neotinea,Orchidaceae,Neotinea_maculata,NA,Y,attached to closest relative,
Neottia_nidus-avis,NA,Neottia,Orchidaceae,Neottia_kiusiana,Neottia,Y,"attached according to So & Lee, 2020","So, J.H. and Lee, N.S., 2020. Phylogenetic analysis of Neottia japonica (Orchidaceae) based on ITS and matK regions. Korean Journal of Plant Taxonomy, 50(4), pp.385-394."
Nothoscordum_borbonicum,Nothoscordum_gracile,Nothoscordum,Amaryllidaceae,NA,NA,Y,attached as synonym ,
Nuphar_pumila,NA,Nuphar,Nymphaeaceae,Nuphar_lutea,NA,Y,"attached to closest relative, syn of Nuphar lutea subsp. pumila",
Odontites_jaubertianus,NA,Odontites,Orobanchaceae,Odontites_vernus,NA,Y,attached to closest relative,
Oenothera_stricta,NA,Oenothera,Onagraceae,NA,Oenothera,N,,
Olearia_avicenniifolia,NA,Olearia,Asteraceae,NA,Olearia,N,,
Olearia_macrodonta,NA,Olearia,Asteraceae,Olearia_furfuracea,Olearia,Y,"attached to relative, stated as ally but not analysed, acc to Wagstaff, 2002","Cross, E.W., Quinn, C.J. and Wagstaff, S.J., 2002. Molecular evidence for the polyphyly of Olearia (Astereae: Asteraceae). Plant Systematics and Evolution, 235(1), pp.99-120."
Oloptum_miliaceum,Piptatherum_miliaceum,Oloptum,Poaceae,NA,NA,Y,attached as synonym ,
Omalotheca_norvegica,NA,Omalotheca,Asteraceae,Gnaphalium_sylvaticum,NA,Y,"attached to closest relative, syn of Gnaphalium sylvaticum f. subarcticum",
Omalotheca_supina,Gnaphalium_supinum,Omalotheca,Asteraceae,NA,NA,Y,attached as synonym ,
Omalotheca_sylvatica,Gnaphalium_sylvaticum,Omalotheca,Asteraceae,NA,NA,Y,attached as synonym ,
Ononis_repens,NA,Ononis,Fabaceae,Ononis_spinosa,NA,Y,"attached to closest relative, syn of Ononis spinosa subsp. procurrens (supported by Turini, Braeuchler & Heubl, 2010)","Turini, F.G., Braeuchler, C. and Heubl, G., 2010. Phylogenetic relationships and evolution of morphological characters in Ononis L.(Fabaceae). Taxon, 59(4), pp.1077-1090."
Ophioglossum_azoricum,NA,Ophioglossum,Ophioglossaceae,Ophioglossum_vulgatum,NA,Y,"attached to closest relative, syn of Ophioglossum vulgatum subsp. ambiguum",
Orchis_anthropophora,NA,Orchis,Orchidaceae,Orchis_mascula,Orchis,Y,"attached to closest relative, acc to Girlanda et al., 2011 and Cozzolino et al., 1998","Girlanda, M., Segreto, R., Cafasso, D., Liebel, H.T., Rodda, M., Ercole, E., Cozzolino, S., Gebauer, G. and Perotto, S., 2011. Photosynthetic Mediterranean meadow orchids feature partial mycoheterotrophy and specific mycorrhizal associations. American Journal of Botany, 98(7), pp.1148-1163. AND Cozzolino, S., Aceto, S., Caputo, P., Gaudio, L. and Nazzaro, R., 1998. Phylogenetic relationships in Orchis and some related genera: an approach using chloroplast DNA. Nordic Journal of Botany, 18(1), pp.79-87."
Orchis_militaris,NA,Orchis,Orchidaceae,NA,Orchis,N,,
Orchis_purpurea,NA,Orchis,Orchidaceae,NA,Orchis,N,,
Orchis_simia,NA,Orchis,Orchidaceae,Orchis_anthropophora,Orchis,Y,"attached to closest relative, acc to Girlanda et al., 2011 and Cozzolino et al., 1998","Girlanda, M., Segreto, R., Cafasso, D., Liebel, H.T., Rodda, M., Ercole, E., Cozzolino, S., Gebauer, G. and Perotto, S., 2011. Photosynthetic Mediterranean meadow orchids feature partial mycoheterotrophy and specific mycorrhizal associations. American Journal of Botany, 98(7), pp.1148-1163. AND Cozzolino, S., Aceto, S., Caputo, P., Gaudio, L. and Nazzaro, R., 1998. Phylogenetic relationships in Orchis and some related genera: an approach using chloroplast DNA. Nordic Journal of Botany, 18(1), pp.79-87."
Orobanche_crenata,NA,Orobanche,Orobanchaceae,NA,Orobanche,N,,
Orobanche_picridis,NA,Orobanche,Orobanchaceae,NA,Orobanche,N,,
Orobanche_rapum-genistae,NA,Orobanche,Orobanchaceae,NA,Orobanche,N,,
Orobanche_reticulata,NA,Orobanche,Orobanchaceae,NA,Orobanche,N,,
Oscularia_deltoides,Lampranthus_deltoides,Oscularia,Aizoaceae,NA,NA,Y,attached as synonym ,
Osteospermum_jucundum,NA,Osteospermum,Asteraceae,NA,Osteospermum,Y,"attached to base genus, only species in this genus",
Oxalis_acetosella,NA,Oxalis,Oxalidaceae,NA,Oxalis,Y,attached to genus Oxalis,
Oxalis_articulata,NA,Oxalis,Oxalidaceae,NA,Oxalis,N,,
Oxalis_corniculata,NA,Oxalis,Oxalidaceae,NA,Oxalis,N,,
Oxalis_debilis,NA,Oxalis,Oxalidaceae,NA,Oxalis,N,,
Oxalis_decaphylla,NA,Oxalis,Oxalidaceae,NA,Oxalis,N,,
Oxalis_dillenii,NA,Oxalis,Oxalidaceae,NA,Oxalis,N,,
Oxalis_exilis,NA,Oxalis,Oxalidaceae,NA,Oxalis,N,,
Oxalis_incarnata,NA,Oxalis,Oxalidaceae,NA,Oxalis,N,,
Oxalis_latifolia,NA,Oxalis,Oxalidaceae,NA,Oxalis,N,,
Oxalis_megalorrhiza,NA,Oxalis,Oxalidaceae,NA,Oxalis,N,,
Oxalis_pes-caprae,NA,Oxalis,Oxalidaceae,NA,Oxalis,N,,
Oxalis_rosea,NA,Oxalis,Oxalidaceae,NA,Oxalis,N,,
Oxalis_stricta,NA,Oxalis,Oxalidaceae,NA,Oxalis,N,,
Oxalis_tetraphylla,NA,Oxalis,Oxalidaceae,NA,Oxalis,N,,
Oxalis_valdiviensis,NA,Oxalis,Oxalidaceae,NA,Oxalis,N,,
Oxybasis_chenopodioides,NA,Oxybasis,Amaranthaceae,Chenopodium_rubrum,NA,Y,attached as Chenopodium chenopoioides acc to ITS_corrected,
Oxybasis_glauca,Chenopodium_glaucum,Oxybasis,Amaranthaceae,NA,NA,Y,attached as synonym ,
Oxybasis_rubra,Chenopodium_rubrum,Oxybasis,Amaranthaceae,NA,NA,Y,attached as synonym ,
Oxybasis_urbica,NA,Oxybasis,Amaranthaceae,Chenopodium_rubrum,NA,Y,"attached as Chenopodium urbicum acc to ITS_corrected, closer to C. rubrum",
Oxytropis_halleri,NA,Oxytropis,Fabaceae,Oxytropis_campestris,NA,Y,attached to closest relative,
Pachyphragma_macrophyllum,NA,Pachyphragma,Brassicaceae,NA,Thlaspi,Y,"attached to base of closely related genus Thlaspi acc to Brüggemann, 2001","Mummenhoff, K., Coja, U. and Brüggemann, H., 2001. Pachyphragma and Gagria (Brassicaceae) Revisited: Molecular data indicate close relationship toThlaspi S. Str. Folia Geobotanica, 36(3), pp.293-302."
Papaver_lecoqii,NA,Papaver,Papaveraceae,Papaver_dubium,NA,Y,"attached to closest relative, syn of Papaver dubium subsp. lecoqii",
Papaver_setiferum,Papaver_pseudo-orientale,Papaver,Papaveraceae,NA,NA,Y,attached as synonym ,
Parietaria_officinalis,NA,Parietaria,Urticaceae,Parietaria_judaica,NA,Y,attached to closest relative,
Pedicularis_sylvatica,NA,Pedicularis,Orobanchaceae,Pedicularis_palustris,NA,Y,attached to closest relative,
Pericallis_hybrida,NA,Pericallis,Asteraceae,NA,Pericallis,Y,"attached to base genus, only species in this genus",
Petasites_pyrenaicus,Petasites_fragrans,Petasites,Asteraceae,NA,NA,Y,attached as synonym ,
Petrorhagia_dubia,NA,Petrorhagia,Caryophyllaceae,NA,Petrorhagia,Y,attached as starting point for random attachment,
Petrorhagia_nanteuilii,NA,Petrorhagia,Caryophyllaceae,NA,Petrorhagia,N,,
Petrorhagia_prolifera,NA,Petrorhagia,Caryophyllaceae,NA,Petrorhagia,N,,
Petrorhagia_saxifraga,NA,Petrorhagia,Caryophyllaceae,NA,Petrorhagia,N,,
Petrosedum_forsterianum,Sedum_forsterianum,Petrosedum,Crassulaceae,NA,NA,Y,attached as synonym ,
Petrosedum_rupestre,Sedum_rupestre,Petrosedum,Crassulaceae,NA,NA,Y,attached as synonym ,
Petrosedum_sediforme,Sedum_sediforme,Petrosedum,Crassulaceae,NA,NA,Y,attached as synonym ,
Phalaris_aquatica,NA,Phalaris,Poaceae,NA,Phalaris,N,,
Phedimus_hybridus,Sedum_hybridum,Phedimus,Crassulaceae,NA,NA,Y,attached as synonym ,
Phedimus_kamtschaticus,Sedum_kamtschaticum,Phedimus,Crassulaceae,NA,NA,Y,attached as synonym ,
Phedimus_spurius,Sedum_spurium,Phedimus,Crassulaceae,NA,NA,Y,attached as synonym ,
Phedimus_stellatus,Sedum_stellatum,Phedimus,Crassulaceae,NA,NA,Y,attached as synonym ,
Phedimus_stoloniferus,Sedum_stoloniferum,Phedimus,Crassulaceae,NA,NA,Y,attached as synonym ,
Phegopteris_connectilis,NA,Phegopteris,Aspleniaceae,Phegopteris_hexagonoptera,NA,Y,"attached to base genus, only species in this genus",
Phelipanche_purpurea,NA,Phelipanche,Orobanchaceae,NA,Orobanche,Y,"attached at base Orobanche, according to ITS_corrected, syn of Orobanche purpurea",
Phlomis_russeliana,NA,Phlomis,Lamiaceae,Phlomis_fruticosa,NA,Y,attached to closest relative,
Phormium_cookianum,NA,Phormium,Asphodelaceae,Phormium_tenax,NA,Y,attached to closest relative,
Phymatosorus_diversifolius,NA,Phymatosorus,Polypodiaceae,Phymatosorus_scolopendria,NA,Y,"attached to closest relative, itself not in list",
Physalis_angulata,NA,Physalis,Solanaceae,Physalis_pubescens,Physalis,Y,"attached to closest relative, according to Whitson & Manos, 2005","Whitson, M. and Manos, P.S., 2005. Untangling Physalis (Solanaceae) from the Physaloids: a two-gene phylogeny of the Physalinae. Systematic Botany, 30(1), pp.216-230."
Physalis_ixocarpa,NA,Physalis,Solanaceae,Physalis_philadelphica,NA,Y,"attached to closest relative, syn of Physalis philadelphica var. immaculata",
Phytolacca_acinosa,NA,Phytolacca,Phytolaccaceae,Phytolacca_americana,Phytolacca,Y,"attached to closest relative acc to Ali et al., 2015","Ali, M.A., Lee, J., Kim, S.Y., Park, S.H. and Al-Hemaid, F.M., 2015. Molecular phylogenetic analyses of internal transcribed spacer (ITS) sequences of nuclear ribosomal DNA indicate monophyly of the genus Phytolacca L.(Phytolaccaceae). Bangladesh Journal of Plant Taxonomy, 22(1), pp.1-8."
Phytolacca_polyandra,NA,Phytolacca,Phytolaccaceae,NA,Phytolacca,N,,
Pilosella_flagellaris,NA,Pilosella,Asteraceae,NA,Pilosella,N,,
Pilosella_praealta,NA,Pilosella,Asteraceae,Pilosella_piloselloides,NA,Y,"attached to closest relative, syn of Pilosella piloselloides subsp. praealta",
Pilularia_globulifera,NA,Pilularia,Marsileaceae,Pilularia_novae-hollandiae,NA,Y,"attached to closest relative, not in list itself",
Plagiobothrys_scouleri,NA,Plagiobothrys,Boraginaceae,NA,Plagiobothrys,Y,"attached to base genus, only species in this genus",
Plantago_arenaria,Plantago_indica,Plantago,Plantaginaceae,NA,NA,Y,attached as synonym ,
Pleioblastus_chino,Pleioblastus_argenteostriatus,Pleioblastus,Poaceae,NA,NA,Y,attached as synonym ,
Pleioblastus_pygmaeus,Pleioblastus_fortunei,Pleioblastus,Poaceae,NA,NA,Y,attached as synonym ,
Pleioblastus_simonii,NA,Pleioblastus,Poaceae,Pseudosasa_amabilis,NA,Y,"attached to closest relative acc to Peng, Yang & Li, 2008","Peng, S., Yang, H.Q. and Li, D.Z., 2008. Highly heterogeneous generic delimitation within the temperate bamboo clade (Poaceae: Bambusoideae): evidence from GBSSI and ITS sequences. Taxon, 57(3), pp.799-810."
Poa_alpina,NA,Poa,Poaceae,NA,Poa,Y,"attached to base genus, alternate branch to Poa_annua, acc to ITS_corrected",
Poa_angustifolia,NA,Poa,Poaceae,Poa_alpina,Poa,Y,attached to Poa alpina as new branch ass to ITS_corrected,
Poa_annua,NA,Poa,Poaceae,NA,Poa,Y,"attached to base genus, sister to all others acc to ITS_corrected",
Poa_bulbosa,NA,Poa,Poaceae,Poa_alpina,Poa,Y,"attached to Poa alpina, sister spec acc to ITS_corrected",
Poa_chaixii,NA,Poa,Poaceae,NA,Poa,N,,
Poa_compressa,NA,Poa,Poaceae,Poa_trivialis,Poa,Y,"attached to Poa trivialis as new branch, acc to ITS_corrected",
Poa_flabellata,NA,Poa,Poaceae,NA,Poa,N,,
Poa_flexuosa,NA,Poa,Poaceae,Poa_compressa,Poa,Y,"attached to Poa compressa as new branch, acc to ITS_corrected",
Poa_glauca,NA,Poa,Poaceae,Poa_flexuosa,Poa,Y,"attached to Poa flexuosa as new branch, acc to ITS_corrected",
Poa_humilis,NA,Poa,Poaceae,Poa_angustifolia,Poa,Y,"attached to Poa angustifolia as new branch, acc to ITS_corrected",
Poa_infirma,NA,Poa,Poaceae,Poa_annua,Poa,Y,"attached to Poa annua, sister spec acc to ITS_corrected",
Poa_nemoralis,NA,Poa,Poaceae,Poa_glauca,Poa,Y,"attached to Poa glauca, sister spec acc to ITS_corrected",
Poa_palustris,NA,Poa,Poaceae,NA,Poa,N,,
Poa_pratensis,NA,Poa,Poaceae,Poa_humilis,Poa,Y,"attached to Poa humilis, sister spec acc to ITS_corrected",
Poa_trivialis,NA,Poa,Poaceae,Poa_angustifolia,Poa,Y,"attached to Poa angustifolia as new branch, acc to ITS_corrected",
Polygala_amarella,Polygala_amara,Polygala,Polygalaceae,NA,NA,Y,attached as synonym ,
Polygala_serpyllifolia,NA,Polygala,Polygalaceae,Polygala_calcarea,NA,Y,"attached to closest relative acc to Pastore et al., 2019","Pastore, J.F.B., Abbott, J.R., Neubig, K.M., Van Den Berg, C., Mota, M.C.D.A., Cabral, A. and Whitten, W.M., 2019. Phylogeny and biogeography of Polygala (Polygalaceae). Taxon, 68(4), pp.673-691."
Polygonum_arenarium,NA,Polygonum,Polygonaceae,NA,Polygonum,N,,
Polygonum_bellardii,NA,Polygonum,Polygonaceae,Polygonum_rurivagum,NA,Y,"attached to closest relative acc to Schuster, Reveal & Kron, 2011","Schuster, T.M., Reveal, J.L. and Kron, K.A., 2011. Phylogeny of Polygoneae (Polygonaceae: Polygonoideae). Taxon, 60(6), pp.1653-1666."
Polygonum_boreale,NA,Polygonum,Polygonaceae,Polygonum_aviculare,NA,Y,"attached to closest relative, syn of Polygonum aviculare subsp. depressum",
Polygonum_depressum,Muehlenbeckia_axillaris,Muehlenbeckia,Polygonaceae,NA,NA,Y,,
Polygonum_maritimum,NA,Polygonum,Polygonaceae,Polygonum_boreale,NA,Y,"attached to sister species, P. rurivagum, acc to ITS_corrected",
Polypodium_cambricum,Polypodium_australe,Polypodium,Polypodiaceae,NA,NA,Y,attached as synonym ,
Polypodium_interjectum,NA,Polypodium,Polypodiaceae,Polypodium_vulgare,NA,Y,"attached to closest relative, syn of Polypodium vulgare subsp. prionodes",
Potamogeton_epihydrus,NA,Potamogeton,Potamogetonaceae,Potamogeton_rutilus,Potamogeton,Y,attached to sister spec acc to ITS_corrected,
Potamogeton_rutilus,NA,Potamogeton,Potamogetonaceae,Potamogeton_pusillus,Potamogeton,Y,"attached to closest relative, acc to ITS_corrected",
Potentilla_argentea,NA,Potentilla,Rosaceae,Potentilla_neumanniana,Potentilla,Y,"attached to closest relative, acc to ITS_corrected",
Potentilla_indica,NA,Potentilla,Rosaceae,NA,Potentilla,N,,
Potentilla_montana,NA,Potentilla,Rosaceae,NA,Potentilla,N,,
Potentilla_reptans,NA,Potentilla,Rosaceae,Potentilla_anglica,Potentilla,Y,attached to closest relative acc to ITS_corrected,
Potentilla_rupestris,NA,Potentilla,Rosaceae,NA,Potentilla,Y,"attached to base genus, sister to all others acc to ITS_corrected",
Potentilla_verna,Potentilla_tabernaemontani,Potentilla,Rosaceae,NA,NA,Y,attached as synonym ,
Poterium_sanguisorba,Sanguisorba_minor,Poterium,Rosaceae,NA,NA,Y,attached as synonym ,
Pratia_angulata,NA,Pratia,Campanulaceae,NA,Lobelia,Y,"no phylo info found, attached randomly to base genus of syn genus Lobelia",
Pratia_pedunculata,NA,Pratia,Campanulaceae,NA,Lobelia,Y,"no phylo info found, attached randomly to base genus of syn genus Lobelia",
Primula_prolifera,Primula_helodoxa,Primula,Primulaceae,NA,NA,Y,attached as synonym ,
Prunella_laciniata,NA,Prunella,Lamiaceae,Prunella_vulgaris,NA,Y,"attached to closest relative, syn of Prunella vulgaris subsp. laciniata",
Pseudognaphalium_undulatum,NA,Pseudognaphalium,Asteraceae,NA,NA,Y,attached to base of Pseudognaphalium,
Pseudorchis_albida,NA,Pseudorchis,Orchidaceae,NA,NA,Y,"attached to shred node of Platanthera, Gymnadenia and Dactylorhiza, acc to ITS_corrected",
Pseudoturritis_turrita,Arabis_turrita,Pseudoturritis,Brassicaceae,NA,NA,Y,attached as synonym ,
Puccinellia_rupestris,Pseudosclerochloa_rupestris,Puccinellia,Poaceae,NA,NA,Y,attached as synonym ,
Pulsatilla_vulgaris,Anemone_pulsatilla,Pulsatilla,Ranunculaceae,NA,NA,Y,attached as synonym ,
Pyracantha_rogersiana,NA,Pyracantha,Rosaceae,Pyracantha_coccinea,NA,Y,attached to closest relative,
Quercus_ilex,Quercus_glauca,Quercus,Fagaceae,NA,NA,Y,attached as synonym ,
Quercus_robur,NA,Quercus,Fagaceae,NA,Quercus,Y,"attached to base of canariensis and petraea, acc to Hipp et al., 2020","Hipp, A.L., Manos, P.S., Hahn, M., Avishai, M., Bodénès, C., Cavender?Bares, J., Crowl, A.A., Deng, M., Denk, T., Fitz?Gibbon, S. and Gailing, O., 2020. Genomic landscape of the global oak phylogeny. New Phytologist, 226(4), pp.1198-1212."
Ramonda_myconi,NA,Ramonda,Gesneriaceae,NA,Haberlea,Y,"attached to closely related genus Haberlea acc to Wang et al., 2010","Wang, Y.Z., Liang, R.H., Wang, B.H., Li, J.M., Qiu, Z.J., Li, Z.Y. and Weber, A., 2010. Origin and phylogenetic relationships of the Old World Gesneriaceae with actinomorphic flowers inferred from ITS and trnL-trnF sequences. Taxon, 59(4), pp.1044-1052."
Raphanus_sativus,NA,Raphanus,Brassicaceae,Raphanus_raphanistrum,NA,Y,"attached to closest relative, syn of Raphanus raphanistrum subsp. sativus",
Rapistrum_perenne,NA,Rapistrum,Brassicaceae,Rapistrum_rugosum,NA,Y,attached to closest relative,
Reseda_odorata,NA,Reseda,Resedaceae,Reseda_arabica,Reseda,Y,"attached to sister spec acc to Ali et al., 2013","Ali, M.A., Al-Hemaid, F.M., Choudhary, R.K., Lee, J., Kim, S.Y. and Rub, M.A., 2013. Status of Reseda pentagyna Abdallah & AG Miller (Resedaceae) inferred from combined nuclear ribosomal and chloroplast sequence data. Bangladesh Journal of Plant Taxonomy, 20(2), pp.233-238."
Reseda_phyteuma,NA,Reseda,Resedaceae,Reseda_arabica,Reseda,Y,"attached to closest relative acc to Ali et al., 2013",
Reynoutria_japonica,NA,Reynoutria,Polygonaceae,Reynoutria_sachalinensis,NA,Y,attached to closest relative,
Rhinanthus_angustifolius,Rhinanthus_serotinus,Rhinanthus,Orobanchaceae,NA,NA,Y,attached as synonym ,
Rhodiola_rosea,NA,Rhodiola,Crassulaceae,NA,Rhodiola,Y,"attached to base genus, only species in this genus",
Rhododendron_groenlandicum,NA,Rhododendron,Ericaceae,Ledum_palustre,NA,Y,"attached to closest relative, syn of Ledum palustre var. groenlandicum",
Rhus_copallina,Rhus_copallinum,Rhus,Anacardiaceae,NA,NA,Y,attached as synonym ,
Ribes_odoratum,Ribes_aureum,Ribes,Grossulariaceae,NA,NA,Y,attached as synonym ,
Roemeria_argemone,Papaver_argemone,Roemeria,Papaveraceae,NA,NA,Y,attached as synonym ,
Roemeria_hispida,Papaver_hybridum,Roemeria,Papaveraceae,NA,NA,Y,attached as synonym ,
Roemeria_hybrida,NA,Roemeria,Papaveraceae,Papaver_hybridum,NA,Y,attached to closest relative,
Romulea_rosea,NA,Romulea,Iridaceae,Romulea_columnae,NA,Y,attached to closest relative,
Rudbeckia_hirta,NA,Rudbeckia,Asteraceae,Helianthus_laciniatus,NA,Y,"attached to closest relative, syn of Helianthus hirtus",
Rudbeckia_laciniata,Helianthus_laciniatus,Rudbeckia,Asteraceae,NA,NA,Y,attached as synonym ,
Ruppia_spiralis,Ruppia_cirrhosa,Ruppia,Ruppiaceae,NA,NA,Y,attached as synonym ,
Ruschia_caroli,NA,Ruschia,Aizoaceae,NA,Mesembryanthemum,Y,"genus not in tree, attached to synonymous genus Mesembryanthemum",
Ruscus_hypoglossum,NA,Ruscus,Asparagaceae,Ruscus_aculeatus,NA,Y,attached to closest relative,
Sabulina_stricta,Minuartia_stricta,Sabulina,Caryophyllaceae,NA,NA,Y,attached as synonym ,
Sabulina_tenuifolia,NA,Sabulina,Caryophyllaceae,Minuartia_hybrida,NA,Y,"attached to closest relative, syn of Minuartia hybrida subsp. tenuifolia",
Sabulina_verna,Arenaria_debilis,Sabulina,Caryophyllaceae,NA,NA,Y,attached as synonym ,
Sagina_filicaulis,NA,Sagina,Caryophyllaceae,Sagina_apetala,NA,Y,"attached to closest relative, syn of Sagina apetala subsp. erecta",
Sagittaria_rigida,NA,Sagittaria,Alismataceae,Sagittaria_sagittifolia,NA,Y,"attached to closest relative, syn of Sagittaria sagittifolia var. rigida",
Salicornia_disarticulata,Salicornia_pusilla,Salicornia,Amaranthaceae,NA,NA,Y,attached as synonym ,
Salsola_tragus,NA,Salsola,Amaranthaceae,Salsola_kali,NA,Y,"attached to closest relative, syn of Salsola kali subsp. tragus",
Salvia_pratensis,NA,Salvia,Lamiaceae,NA,NA,N,,
Salvia_reflexa,NA,Salvia,Lamiaceae,NA,NA,N,,
Salvia_verticillata,NA,Salvia,Lamiaceae,NA,NA,N,,
Santolina_chamaecyparissus,NA,Santolina,Asteraceae,NA,Santolina,Y,"attached to base genus, only species in this genus",
Sasaella_ramosa,NA,Sasaella,Poaceae,NA,Sasa,Y,attached to base of syn genus Sasa,
Schedonorus_arundinaceus,NA,Schedonorus,Poaceae,NA,Lolium,N,,
Schedonorus_giganteus,Festuca_gigantea,Schedonorus,Poaceae,NA,NA,Y,attached as synonym ,
Schedonorus_pratensis,NA,Schedonorus,Poaceae,Lolium_temulentum,NA,Y,"attached to closest relative of synonym Lolium pratensis, acc to Hand et al., 2010","Hand, M.L., Cogan, N.O., Stewart, A.V. and Forster, J.W., 2010. Evolutionary history of tall fescue morphotypes inferred from molecular phylogenetics of the Lolium-Festucaspecies complex. BMC evolutionary biology, 10(1), pp.1-17."
Schizostylis_coccinea,Hesperantha_coccinea,Schizostylis,Iridaceae,NA,NA,Y,attached as synonym ,
Schoenoplectus_pungens,Schoenoplectus_americanus,Schoenoplectus,Cyperaceae,NA,NA,Y,attached as synonym ,
Schoenus_ferrugineus,NA,Schoenus,Cyperaceae,Schoenus_nigricans,NA,Y,attached to closest relative,
Scilla_autumnalis,NA,Scilla,Asparagaceae,NA,NA,N,,
Scilla_bithynica,NA,Scilla,Asparagaceae,NA,NA,N,,
Scilla_forbesii,NA,Scilla,Asparagaceae,NA,NA,N,,
Scilla_liliohyacinthus,NA,Scilla,Asparagaceae,NA,NA,N,,
Scilla_luciliae,NA,Scilla,Asparagaceae,NA,NA,N,,
Scilla_sardensis,NA,Scilla,Asparagaceae,NA,NA,N,,
Scilla_siberica,NA,Scilla,Asparagaceae,Hyacinthus_orientalis,NA,Y,"attached to closest relative via synonym Othocallis siberica, acc to Pfosser et al., 2003","Pfosser, M., Wetschnig, W., Ungar, S. and Prenner, G., 2003. Phylogenetic relationships among genera of Massonieae (Hyacinthaceae) inferred from plastid DNA and seed morphology. Journal of Plant Research, 116(2), pp.115-132."
Scorpiurus_muricatus,NA,Scorpiurus,Fabaceae,NA,Hippocrepis,Y,"attached to closest relative genus acc to Sokoloff et al., 2007","Sokoloff, D.D., Degtjareva, G.V., Endress, P.K., Remizowa, M.V., Samigullin, T.H. and Valiejo-Roman, C.M., 2007. Inflorescence and early flower development in Loteae (Leguminosae) in a phylogenetic and taxonomic context. International Journal of Plant Sciences, 168(6), pp.801-833."
Scrophularia_vernalis,NA,Scrophularia,Scrophulariaceae,Scrophularia_kurdica,NA,Y,"attached to closest relative acc to Attar et al., 2011","Attar, F., Riahi, M., Daemi, F. and Aghabeigi, F., 2011. Preliminary molecular phylogeny of Eurasian Scrophularia (Scrophulariaceae) based on DNA sequence data from trn S-trn G and ITS regions. Plant Biosystems-An International Journal Dealing with all Aspects of Plant Biology, 145(4), pp.857-865."
Scutellaria_altissima,NA,Scutellaria,Lamiaceae,NA,NA,N,,
Scutellaria_galericulata,NA,Scutellaria,Lamiaceae,NA,NA,Y,"attached to base Scutellaria, acc to Safikhani, Jamzad & Saeidi, 2018","Safikhani, K., Jamzad, Z. and Saeidi, H., 2018. Phylogenetic relationships in Iranian Scutellaria (Lamiaceae) based on nuclear ribosomal ITS and chloroplast trnL-F DNA data. Plant Systematics and Evolution, 304(9), pp.1077-1089."
Scutellaria_minor,NA,Scutellaria,Lamiaceae,Scutellaria_galericulata,NA,Y,attached to S. galericulata acc to ITS_corrected,
Sedum_kimnachii,Sedum_confusum,Sedum,Crassulaceae,NA,NA,Y,attached as synonym ,
Sedum_praealtum,Sedum_dendroideum,Sedum,Crassulaceae,NA,NA,Y,attached as synonym ,
Senecio_cambrensis,NA,Senecio,Asteraceae,Senecio_vulgaris,NA,Y,"attached to closest relative, acc to ITS_corrected",
Senecio_grandiflorus,NA,Senecio,Asteraceae,NA,NA,N,,
Senecio_minimus,Erechtites_minima,Senecio,Asteraceae,NA,NA,Y,attached as synonym ,
Senecio_ovatus,NA,Senecio,Asteraceae,Senecio_nemorensis,NA,Y,"attached to closest relative, syn of Senecio nemorensis subsp. fuchsii",
Senecio_pterophorus,NA,Senecio,Asteraceae,NA,NA,N,,
Senecio_sarracenicus,NA,Senecio,Asteraceae,NA,NA,N,,
Senecio_vernalis,Jacobaea_incana,Senecio,Asteraceae,NA,NA,Y,attached as synonym ,
Serapias_lingua,NA,Serapias,Orchidaceae,NA,Serapias,Y,"can be attached to only Serapias node in tree, no polytomy generated",
Serapias_parviflora,NA,Serapias,Orchidaceae,NA,Serapias,Y,"can be attached to only Serapias node in tree, no polytomy generated",
Serratula_tinctoria,NA,Serratula,Asteraceae,NA,Serratula,Y,"attached to base genus, only species in this genus",
Setaria_adhaerens,NA,Setaria,Poaceae,Setaria_verticillata,NA,Y,"attached to closest relative, syn of Setaria verticillata subsp. aparine",
Sidalcea_candida,NA,Sidalcea,Malvaceae,NA,Eremalche,Y,"attached to closest relative genus acc to Andreasen, 2012","Andreasen, K., 2012. Phylogeny, hybridization, and evolution of habit and breeding system in Sidalcea and Eremalche (Malvaceae). International journal of plant sciences, 173(5), pp.532-548."
Sidalcea_malviflora,NA,Sidalcea,Malvaceae,NA,Eremalche,Y,"attached to closest relative genus acc to Andreasen, 2012","Andreasen, K., 2012. Phylogeny, hybridization, and evolution of habit and breeding system in Sidalcea and Eremalche (Malvaceae). International journal of plant sciences, 173(5), pp.532-548."
Sigesbeckia_serrata,NA,Sigesbeckia,Asteraceae,NA,NA,Y,"attached to base genus, only species in this genus",
Silene_alpestris,Silene_rupestris,Silene,Caryophyllaceae,NA,NA,Y,attached as synonym ,
Silene_catholica,NA,Silene,Caryophyllaceae,Silene_stellata,NA,Y,"attached to closest relative acc to Naciri et al., 2017","Naciri, Y., Du Pasquier, P.E., Lundberg, M., Jeanmonod, D. and Oxelman, B., 2017. A phylogenetic circumscription of Silene sect. Siphonomorpha (Caryophyllaceae) in the Mediterranean Basin. Taxon, 66(1), pp.91-108."
Silene_chalcedonica,NA,Silene,Caryophyllaceae,NA,NA,N,,
Silene_coeli-rosa,NA,Silene,Caryophyllaceae,NA,NA,N,,
Silene_coronaria,NA,Silene,Caryophyllaceae,NA,NA,N,,
Silene_multifida,NA,Silene,Caryophyllaceae,NA,NA,N,,
Sison_amomum,NA,Sison,Apiaceae,NA,Crithmum,Y,attached to relative genus Crithmum according to ITS_corrected,
Sison_segetum,NA,Sison,Apiaceae,NA,Crithmum,Y,attached to relative genus Crithmum according to ITS_corrected,
Sisymbrium_erysimoides,NA,Sisymbrium,Brassicaceae,Sisymbrium_irio,NA,Y,"attached to closest relative acc to Warwick et al., 2002","Warwick, S.I., Al-Shehbaz, I.A., Price, R.A. and Sauder, C., 2002. Phylogeny of Sisymbrium (Brassicaceae) based on ITS sequences of nuclear ribosomal DNA. Canadian Journal of Botany, 80(9), pp.1002-1017."
Sisymbrium_polyceratium,NA,Sisymbrium,Brassicaceae,Sisymbrium_austriacum,NA,Y,"attached to closest relative acc to Warwick et al., 2002","Warwick, S.I., Al-Shehbaz, I.A., Price, R.A. and Sauder, C., 2002. Phylogeny of Sisymbrium (Brassicaceae) based on ITS sequences of nuclear ribosomal DNA. Canadian Journal of Botany, 80(9), pp.1002-1017."
Sisymbrium_strictissimum,NA,Sisymbrium,Brassicaceae,Sisymbrium_loeselii,NA,Y,"attached to closest relative acc to Warwick et al., 2002","Warwick, S.I., Al-Shehbaz, I.A., Price, R.A. and Sauder, C., 2002. Phylogeny of Sisymbrium (Brassicaceae) based on ITS sequences of nuclear ribosomal DNA. Canadian Journal of Botany, 80(9), pp.1002-1017."
Sisymbrium_volgense,NA,Sisymbrium,Brassicaceae,Sisymbrium_orientale,NA,Y,"attached to closest relative acc to Warwick et al., 2002","Warwick, S.I., Al-Shehbaz, I.A., Price, R.A. and Sauder, C., 2002. Phylogeny of Sisymbrium (Brassicaceae) based on ITS sequences of nuclear ribosomal DNA. Canadian Journal of Botany, 80(9), pp.1002-1017."
Sisyrinchium_bermudiana,Sisyrinchium_bermudianum,Sisyrinchium,Iridaceae,NA,NA,Y,attached as synonym ,
Solanum_nigrum,Solanum_chenopodinum,Solanum,Solanaceae,NA,NA,Y,attached as synonym ,
Solanum_nitidibaccatum,NA,Solanum,Solanaceae,Solanum_physalifolium,NA,Y,"attached to closest relative, syn of Solanum physalifolium var. nitidibaccatum",
Solanum_sarrachoides,NA,Solanum,Solanaceae,NA,NA,N,,
Solanum_tuberosum,Solanum_chilense,Solanum,Solanaceae,NA,NA,Y,attached as synonym ,
Solanum_villosum,Solanum_humile,Solanum,Solanaceae,NA,NA,Y,attached as synonym ,
Sonchus_palustris,NA,Sonchus,Asteraceae,NA,Sonchus,Y,"attached to base genus, acc to ITS_corrected",
Sorbaria_tomentosa,NA,Sorbaria,Rosaceae,Sorbaria_sorbifolia,NA,Y,"attached to closest relative, syn of Sorbaria sorbifolia var. lindleyana",
Sparaxis_grandiflora,NA,Sparaxis,Iridaceae,NA,Sparaxis,Y,"attached to base genus, only species in this genus",
Spartina_alterniflora,Sporobolus_alterniflorus,Spartina,Poaceae,NA,NA,Y,attached as synonym ,
Spartina_anglica,Sporobolus_anglicus,Spartina,Poaceae,NA,NA,Y,attached as synonym ,
Spartina_maritima,NA,Spartina,Poaceae,NA,NA,Y,"attached to S. pectinata to form new branch acc to Fortune et al., 2007","Fortune, P.M., Schierenbeck, K.A., Ainouche, A.K., Jacquemin, J., Wendel, J.F. and Aïnouche, M.L., 2007. Evolutionary dynamics of Waxy and the origin of hexaploid Spartina species (Poaceae). Molecular Phylogenetics and Evolution, 43(3), pp.1040-1055."
Spartina_patens,NA,Spartina,Poaceae,NA,NA,Y,"attached to sister spec S. pectinata ass to Fortune et al., 2007","Fortune, P.M., Schierenbeck, K.A., Ainouche, A.K., Jacquemin, J., Wendel, J.F. and Aïnouche, M.L., 2007. Evolutionary dynamics of Waxy and the origin of hexaploid Spartina species (Poaceae). Molecular Phylogenetics and Evolution, 43(3), pp.1040-1055."
Spartina_pectinata,NA,Spartina,Poaceae,NA,Styppeiochloa,Y,attached to closest genus acc to ITS_corrected,
Spergula_morisonii,NA,Spergula,Caryophyllaceae,Spergula_arvensis,NA,Y,attached to closest relative,
Spiraea_alba,NA,Spiraea,Rosaceae,Spiraea_salicifolia,NA,Y,"attached to closest relative, syn of Spiraea salicifolia var. linearis",
Spiraea_tomentosa,NA,Spiraea,Rosaceae,NA,NA,N,,
Spiranthes_aestivalis,NA,Spiranthes,Orchidaceae,Spiranthes_sinensis,NA,Y,"attached to closest relative acc to Dueck, Aygoren & Cameron, 2014","Dueck, L.A., Aygoren, D. and Cameron, K.M., 2014. A molecular framework for understanding the phylogeny of Spiranthes (Orchidaceae), a cosmopolitan genus with a North American center of diversity. American Journal of Botany, 101(9), pp.1551-1571."
Spirodela_polyrhiza,Spirodela_polyrrhiza,Spirodela,Araceae,NA,NA,Y,attached as synonym ,
Stachys_annua,NA,Stachys,Lamiaceae,NA,NA,N,,
Stachys_germanica,NA,Stachys,Lamiaceae,Stachys_cretica,NA,Y,"attached to closest relative acc to Dündar et al., 2013","Dündar, E., Akcicek, E., Dirmenci, T. and Akgün, ?., 2013. Phylogenetic analysis of the genus Stachys sect. Eriostomum (Lamiaceae) in Turkey based on nuclear ribosomal ITS sequences. Turkish Journal of Botany, 37(1), pp.14-23."
Stellaria_alsine,Stellaria_uliginosa,Stellaria,Caryophyllaceae,NA,NA,Y,attached as synonym ,
Stellaria_palustris,NA,Stellaria,Caryophyllaceae,Stellaria_media,NA,Y,"attached to closest relative, syn of Stellaria media",
Strobilanthes_pentastemonoides,Strobilanthes_penstemonoides,Strobilanthes,Acanthaceae,NA,NA,Y,attached as synonym ,
Subularia_aquatica,NA,Subularia,Brassicaceae,NA,NA,Y,"attached to shared node formed by Isatis, Thlaspi, Sisymbrium",
Symphyotrichum_squamatum,NA,Symphyotrichum,Asteraceae,NA,NA,N,,
Tagetes_patula,NA,Tagetes,Asteraceae,Tagetes_erecta,NA,Y,"attached to closest relative, syn of Tagetes erecta",
Tamus_communis,Dioscorea_communis,Tamus,Dioscoreaceae,NA,NA,Y,attached as synonym ,
Tarenaya_hassleriana,Cleome_houtteana,Tarenaya,Cleomaceae,NA,NA,Y,attached as synonym ,
Thalictrum_speciosissimum,NA,Thalictrum,Ranunculaceae,Thalictrum_flavum,NA,Y,"attached to closest relative, syn of Thalictrum flavum subsp. glaucum",
Thelypteris_palustris,NA,Thelypteris,Aspleniaceae,NA,Thelypteris,Y,"attached to base genus, only species in this genus",
Thermopsis_montana,NA,Thermopsis,Fabaceae,NA,Thermopsis,Y,"attached to base genus, only species in this genus",
Thesium_humifusum,NA,Thesium,Santalaceae,Viscum_album,NA,Y,attached to closest realtive acc to ITS_corrected,
Thlaspi_alliaceum,NA,Thlaspi,Brassicaceae,Thlaspi_arvense,NA,Y,attached to closest relative,
Thujopsis_dolobrata,Thujopsis_dolabrata,Thujopsis,Cupressaceae,NA,NA,Y,attached as synonym ,
Thymus_drucei,NA,Thymus,Lamiaceae,Thymus_serpyllum,NA,Y,"attached to closest relative, syn of Thymus serpyllum",
Thysselinum_palustre,Peucedanum_palustre,Thysselinum,Apiaceae,NA,NA,Y,attached as synonym ,
Trichomanes_speciosum,NA,Trichomanes,Hymenophyllaceae,Trichomanes_pinnatum,Trichomanes,Y,"attached to base genus, only species in this genus",
Trichophorum_germanicum,NA,Trichophorum,Cyperaceae,Trichophorum_cespitosum,NA,Y,"attached to closest relative, syn of Trichophorum cespitosum subsp. germanicum",
Trigonella_esculenta,Trigonella_corniculata,Trigonella,Fabaceae,NA,NA,Y,attached as synonym ,
Trinia_glauca,NA,Trinia,Apiaceae,NA,Trinia,Y,"attached to base genus, only species in this genus",
Triteleia_laxa,NA,Triteleia,Asparagaceae,NA,Triteleia,Y,"attached to base genus, only species in this genus",
Triticum_compactum,NA,Triticum,Poaceae,Triticum_aestivum,NA,Y,"attached to closest relative, syn of Triticum aestivum subsp. compactum",
Trocdaris_verticillata,Carum_verticillatum,Trocdaris,Apiaceae,NA,NA,Y,attached as synonym ,
Tropaeolum_peregrinum,NA,Tropaeolum,Tropaeolaceae,Tropaeolum_majus,NA,Y,"attached to T. majus, sister spec acc to Andersson & Andersson, 2000","Andersson, L. and Andersson, S., 2000. A molecular phylogeny of Tropaeolaceae and its systematic implications. Taxon, 49(4), pp.721-736."
Tropaeolum_speciosum,NA,Tropaeolum,Tropaeolaceae,Tropaeolum_majus,NA,Y,"attached to close relative to form new branch acc to Andersson & Andersson, 2000","Andersson, L. and Andersson, S., 2000. A molecular phylogeny of Tropaeolaceae and its systematic implications. Taxon, 49(4), pp.721-736."
Tuberaria_lignosa,NA,Tuberaria,Cistaceae,Tuberaria_guttata,NA,Y,attached to closest relative,
Ulmus_plotii,NA,Ulmus,Ulmaceae,Ulmus_minor,NA,N,,
Ulmus_procera,NA,Ulmus,Ulmaceae,Ulmus_minor,NA,N,,
Utricularia_bremii,NA,Utricularia,Lentibulariaceae,Utricularia_minor,NA,Y,"attached to closest relative acc to Astuti et al., 2020","Astuti, G., Petroni, G., Adamec, L., Miranda, V.F.O. and Peruzzi, L., 2020. DNA barcoding approach fails to discriminate Central European bladderworts (Utricularia, Lentibulariaceae), but provides insights concerning their evolution. Plant Biosystems-An International Journal Dealing with all Aspects of Plant Biology, 154(3), pp.326-336."
Utricularia_ochroleuca,NA,Utricularia,Lentibulariaceae,Utricularia_intermedia,NA,N,,
Utricularia_stygia,NA,Utricularia,Lentibulariaceae,Utricularia_intermedia,NA,N,,
Vaccinium_microcarpum,NA,Vaccinium,Ericaceae,Vaccinium_uliginosum,NA,Y,attached to closest relative acc to ITS_corrected,
Vaccinium_oxycoccos,NA,Vaccinium,Ericaceae,Vaccinium_microcarpum,NA,Y,attached to Vaccinium_microcarpum acc to ITS_corrected,
Verbascum_blattaria,NA,Verbascum,Scrophulariaceae,Verbascum_virgatum,NA,Y,"attached to closest relative, syn of Verbascum virgatum",
Verbascum_bombyciferum,NA,Verbascum,Scrophulariaceae,NA,Verbascum,N,,
Verbascum_chaixii,NA,Verbascum,Scrophulariaceae,NA,Verbascum,N,,
Verbascum_densiflorum,NA,Verbascum,Scrophulariaceae,NA,Verbascum,N,,
Verbascum_lychnitis,NA,Verbascum,Scrophulariaceae,NA,Verbascum,N,,
Verbascum_nigrum,NA,Verbascum,Scrophulariaceae,NA,Verbascum,N,,
Verbascum_phoeniceum,NA,Verbascum,Scrophulariaceae,NA,Verbascum,N,,
Verbascum_pulverulentum,NA,Verbascum,Scrophulariaceae,NA,Verbascum,N,,
Verbascum_pyramidatum,NA,Verbascum,Scrophulariaceae,NA,Verbascum,N,,
Verbascum_thapsus,NA,Verbascum,Scrophulariaceae,NA,Verbascum,N,,
Viburnum_sargentii,NA,Viburnum,Viburnaceae,Viburnum_edule,NA,Y,"attached to closest relative acc to Winkworth & Donoghue, 2004","Winkworth, R.C. and Donoghue, M.J., 2004. Viburnum phylogeny: evidence from the duplicated nuclear gene GBSSI. Molecular Phylogenetics and Evolution, 33(1), pp.109-126."
Viburnum_trilobum,NA,Viburnum,Viburnaceae,Viburnum_edule,NA,Y,"attached to sister spec acc to Winkworth & Donoghue, 2004","Winkworth, R.C. and Donoghue, M.J., 2004. Viburnum phylogeny: evidence from the duplicated nuclear gene GBSSI. Molecular Phylogenetics and Evolution, 33(1), pp.109-126."
Viburnum_veitchii,NA,Viburnum,Viburnaceae,Viburnum_glomeratum,NA,Y,"attached to closest relative, syn of Viburnum glomeratum",
Vicia_lens,Lens_culinaris,Vicia,Fabaceae,NA,NA,Y,attached as synonym ,
Visnaga_daucoides,NA,Visnaga,Apiaceae,Ammi_majus,NA,Y,"attached to closest relative, genus not in tree",
Wahlenbergia_hederacea,NA,Wahlenbergia,Campanulaceae,NA,Wahlenbergia,Y,"attached to base genus, only species in this genus",
Watsonia_borbonica,NA,Watsonia,Iridaceae,NA,Watsonia,Y,"attached to base genus, only species in this genus",
Woodsia_alpina,NA,Woodsia,Aspleniaceae,NA,Woodsia,Y,"attached to base genus, only two species in this genus",
Woodsia_ilvensis,NA,Woodsia,Aspleniaceae,NA,Woodsia,Y,"attached to base genus, only two species in this genus",
Woodwardia_radicans,NA,Woodwardia,Aspleniaceae,NA,NA,Y,"attached to base of Blechnum, acc to Shepherd et al., 2007","Shepherd, L.D., Perrie, L.R., Parris, B.S. and Brownsey, P.J., 2007. A molecular phylogeny for the New Zealand Blechnaceae ferns from analyses of chloroplast trn L?trn F DNA sequences. New Zealand Journal of Botany, 45(1), pp.67-80."
Xanthium_ambrosioides,NA,Xanthium,Asteraceae,Xanthium_strumarium,NA,Y,"attached to Xanthium_strumarium to create new branch acc to Tomasello & Heubl, 2017","Tomasello, S. and Heubl, G., 2017. Phylogenetic analysis and molecular characterization of Xanthium sibiricum using DNA barcoding, PCR-RFLP, and specific primers. Planta Medica, 83(11), pp.946-953."
Xanthium_spinosum,NA,Xanthium,Asteraceae,Xanthium_ambrosioides,NA,Y,"attached to sister spec acc to Tomasello & Heubl, 2017","Tomasello, S. and Heubl, G., 2017. Phylogenetic analysis and molecular characterization of Xanthium sibiricum using DNA barcoding, PCR-RFLP, and specific primers. Planta Medica, 83(11), pp.946-953."
Yushania_anceps,NA,Yushania,Poaceae,NA,Yushania,Y,"attached to base genus, only species of this genus",
Zostera_noltei,Zostera_noltii,Zostera,Zosteraceae,NA,NA,Y,attached as synonym ,
